orcid	alexid	author_name	author_raw_name	role	department	notes
NULL	https://openalex.org/A5025804581	A. Gordon Smith	A. G. Smith	NULL	NULL	NULL
NULL	https://openalex.org/A5074437171	A. S. Loukashkin	Anatole S. Loukashkin	NULL	NULL	NULL
https://orcid.org/0000-0001-6839-8025	https://openalex.org/A5018739374	Aaron M. Bauer	Aaron M. Bauer	NULL	NULL	NULL
https://orcid.org/0000-0002-7051-8249	https://openalex.org/A5062512082	Aaron M. Goodman	Aaron Goodman	NULL	NULL	NULL
NULL	https://openalex.org/A5089172535	Aaron Pope	Aaron Pope	NULL	NULL	NULL
NULL	https://openalex.org/A5003814941	Adam J. Baldinger	A.J. Baldinger	NULL	NULL	NULL
https://orcid.org/0000-0002-8829-2719	https://openalex.org/A5075964014	Adrian A. Barnett	Adrian A. Barnett	NULL	NULL	NULL
https://orcid.org/0000-0002-5990-3381	https://openalex.org/A5030612844	Adrian Van Allen	Adrian Van Allen	NULL	NULL	NULL
https://orcid.org/0000-0001-8152-7012	https://openalex.org/A5025625912	Alan Leviton	Alan E. Leviton	NULL	NULL	NULL
NULL	https://openalex.org/A5088506937	Alan W. Harvey	Alan W. Harvey	NULL	NULL	NULL
NULL	https://openalex.org/A5032939332	Alayah Densby	Alayah Densby	NULL	NULL	NULL
NULL	https://openalex.org/A5017776668	Albert D. Mahood	Albert D. Mahood	NULL	NULL	NULL
https://orcid.org/0000-0001-9033-8272	https://openalex.org/A5032036549	Alejandra Hernández‐Agreda	Alejandra Hernandez-Agreda	NULL	NULL	NULL
NULL	https://openalex.org/A5030853611	Alejandro Acevedo	Alejandro Acevedo	NULL	NULL	NULL
https://orcid.org/0000-0002-9128-826X	https://openalex.org/A5082283119	Alejandro Acevedo‐Gutiérrez	A. Acevedo-Gutiérrez	NULL	NULL	NULL
NULL	https://openalex.org/A5047969260	Alessandr Richardson-Beatty	Alessandr Richardson-Beatty	NULL	NULL	NULL
https://orcid.org/0000-0002-1041-3189	https://openalex.org/A5045292507	Alessandra López	Alessandra Lopez	NULL	NULL	NULL
NULL	https://openalex.org/A5010428376	Alexandra M. Snyder	Alexandra M. Snyder	NULL	NULL	NULL
NULL	https://openalex.org/A5002074684	Alice Eastwood	Alice Eastwood	NULL	NULL	NULL
https://orcid.org/0000-0002-2358-303X	https://openalex.org/A5004407993	Alison L. Gould	A. L. Gould	NULL	NULL	NULL
https://orcid.org/0000-0001-8919-0661	https://openalex.org/A5041311769	Alison N. Young	Alison N. Young	NULL	NULL	NULL
NULL	https://openalex.org/A5086144281	Allen S. Weik	Allen Weik	NULL	NULL	NULL
https://orcid.org/0000-0001-9154-8431	https://openalex.org/A5001002387	Allison Fritts-Penniman	Allison L. Fritts-Penniman	NULL	NULL	NULL
NULL	https://openalex.org/A5079282214	Allyn Goodwin Smith	Allyn G. Smith	NULL	NULL	NULL
NULL	https://openalex.org/A5063935118	Alma D. Saucedo	Alma D. Saucedo	NULL	NULL	NULL
NULL	https://openalex.org/A5045231889	Alyssa Bautista	Alyssa Bautista	NULL	NULL	NULL
NULL	https://openalex.org/A5072184778	Amelia Rosenman	Amelia Rosenman	NULL	NULL	NULL
https://orcid.org/0000-0002-8298-8555	https://openalex.org/A5067256113	Ana Carolina Loss	Ana Carolina Loss	NULL	NULL	NULL
https://orcid.org/0000-0002-1035-0923	https://openalex.org/A5021861891	Ana Gaisiner	Ana Gaisiner	NULL	NULL	NULL
NULL	https://openalex.org/A5053764497	Andrea B. Taylor	Andrea B Taylor	NULL	NULL	NULL
https://orcid.org/0000-0002-9248-537X	https://openalex.org/A5047814434	Andrea Nickerson	Andrea D. Nickerson	NULL	NULL	NULL
NULL	https://openalex.org/A5064229470	Andrew S. Jensen	A. S. Jensen	NULL	NULL	NULL
https://orcid.org/0000-0002-2347-4896	https://openalex.org/A5090590989	Ángel Valdés	Àngel Valdés	NULL	NULL	NULL
NULL	https://openalex.org/A5035289204	Angela Borges Martins	Angela B. Martins	NULL	NULL	NULL
https://orcid.org/0000-0002-1838-4597	https://openalex.org/A5059428431	Ângelo F. Bernardino	A F Bernardino	NULL	NULL	NULL
NULL	https://openalex.org/A5035026439	Anita A. Suran	Anita A. Suran	NULL	NULL	NULL
NULL	https://openalex.org/A5028598484	Anna B. Sellas	Anna B. Sellas	NULL	NULL	NULL
https://orcid.org/0000-0002-5963-8151	https://openalex.org/A5051971022	Anna Holmquist	Anna J Holmquist	NULL	NULL	NULL
NULL	https://openalex.org/A5081627953	Anne C. Cohen	Anne C. Cohen	NULL	NULL	NULL
NULL	https://openalex.org/A5056109967	Anne Frances Armstrong	Anne Frances Armstrong	NULL	NULL	NULL
NULL	https://openalex.org/A5005431107	Annette Gavigan	Annette Gavigan	NULL	NULL	NULL
https://orcid.org/0000-0001-6935-485X	https://openalex.org/A5039221958	Annie E. Miller	Annie E. Miller	NULL	NULL	NULL
NULL	https://openalex.org/A5004972730	Anthea Carmichael	Anthea Carmichael	NULL	NULL	NULL
NULL	https://openalex.org/A5042981829	Anton E. Lawson	A. Lawson	NULL	NULL	NULL
NULL	https://openalex.org/A5040438007	Antônio José Piantino Ferreira	Antonio J. Ferreira	NULL	NULL	NULL
https://orcid.org/0009-0002-8129-6167	https://openalex.org/A5078955584	Antony S. Harold	A. S. Harold	NULL	NULL	NULL
NULL	https://openalex.org/A5040983552	Ashley A. Dineen	Ashley A. Dineen	NULL	NULL	NULL
NULL	https://openalex.org/A5065576286	Athena Lam	Athena Lam	NULL	NULL	NULL
NULL	https://openalex.org/A5059987182	B. Duell	B. Duell	NULL	NULL	NULL
NULL	https://openalex.org/A5007057181	B.Randall Melton	Brenda Melton	NULL	NULL	NULL
NULL	https://openalex.org/A5089906496	Barbara B. DeWolfe	Barbara B. DeWolfe	NULL	NULL	NULL
NULL	https://openalex.org/A5012576968	Barry Roth	Barry Roth	NULL	NULL	NULL
https://orcid.org/0000-0002-8918-1551	https://openalex.org/A5003436042	Bart Shepherd	Bart Shepherd	NULL	NULL	NULL
NULL	https://openalex.org/A5074520625	Barton Warren Evermann	Barton Warren Evermann	NULL	NULL	NULL
NULL	https://openalex.org/A5047235524	Ben W. Papermaster	Ben W. Papermaster	NULL	NULL	NULL
NULL	https://openalex.org/A5090129415	Benoı̂t Dayrat	Benoît Dayrat	NULL	NULL	NULL
https://orcid.org/0000-0003-3051-745X	https://openalex.org/A5023482526	Bethany B. Moore	Beth Moore	NULL	NULL	NULL
NULL	https://openalex.org/A5014041637	Blake Edgar	Blake Edgar	NULL	NULL	NULL
NULL	https://openalex.org/A5083057919	Boni C. Cruz	Boni C. Cruz	NULL	NULL	NULL
https://orcid.org/0000-0002-8961-9998	https://openalex.org/A5047747160	Bonnie B. Blaimer	Bonnie B. Blaimer	NULL	NULL	NULL
NULL	https://openalex.org/A5005533164	Brenna Green	Brenna Green	NULL	NULL	NULL
NULL	https://openalex.org/A5080295402	Brett C. Stearns	Brett C. Stearns	NULL	NULL	NULL
NULL	https://openalex.org/A5029324319	Brett D. Mensh	Brett Mensh	NULL	NULL	NULL
NULL	https://openalex.org/A5016328993	Brian E. Heterick	Brian E Heterick	NULL	NULL	NULL
https://orcid.org/0000-0002-4653-3270	https://openalex.org/A5030257367	Brian L. Fisher	Brian L. Fisher	NULL	NULL	NULL
https://orcid.org/0000-0002-6810-8435	https://openalex.org/A5024466635	Brian W. Bowen	Brian W. Bowen	NULL	NULL	NULL
https://orcid.org/0000-0002-2267-3754	https://openalex.org/A5002647751	Bruce Alberts	Bruce Alberts	NULL	NULL	NULL
NULL	https://openalex.org/A5044387661	Bruce Bartholomew	Bruce Bartholomew	NULL	NULL	NULL
https://orcid.org/0000-0002-8567-6135	https://openalex.org/A5001379735	Bruno David	Bruno David	NULL	NULL	NULL
NULL	https://openalex.org/A5071510096	Bruno Lomonte	Bruno Lomonte	NULL	NULL	NULL
NULL	https://openalex.org/A5056252359	Bryson Voirin	Bryson Voirin	NULL	NULL	NULL
NULL	https://openalex.org/A5045391982	C Carolina Valencia	Cindy Valencia	NULL	NULL	NULL
NULL	https://openalex.org/A5084474878	C. Andrews	C. Andrews	NULL	NULL	NULL
NULL	https://openalex.org/A5025216071	C. Binford Laurence	C. Binford Laurence	NULL	NULL	NULL
NULL	https://openalex.org/A5040686881	C. George Kuo	Camille Kuo	NULL	NULL	NULL
NULL	https://openalex.org/A5039800290	C. Rose Broome	C. Rose Broome	NULL	NULL	NULL
https://orcid.org/0000-0003-4110-1249	https://openalex.org/A5074375774	Caio Ribeiro Pimentel	Caio R. Pimentel	NULL	NULL	NULL
https://orcid.org/0000-0001-9424-4097	https://openalex.org/A5074349356	Caitlyn Rich	Caitlyn Rich	NULL	NULL	NULL
https://orcid.org/0000-0001-5575-8263	https://openalex.org/A5046568718	Camilla Souto	Camilla Souto	NULL	NULL	NULL
NULL	https://openalex.org/A5081293603	Camille F. Nowell	Camille F. Nowell	NULL	NULL	NULL
NULL	https://openalex.org/A5022035066	Candice Meldrum	Candice Meldrum	NULL	NULL	NULL
NULL	https://openalex.org/A5057488859	Carissa Roseanna Shipman	Carissa Shipman	NULL	NULL	NULL
NULL	https://openalex.org/A5090082937	Carl J. Ferraris	Carl J. Ferraris	NULL	NULL	NULL
NULL	https://openalex.org/A5027595018	Carol M. Tang	Carol M. Tang	NULL	NULL	NULL
https://orcid.org/0000-0002-8990-8597	https://openalex.org/A5066411095	Caroline Dubé	Caroline E Dubé	NULL	NULL	NULL
NULL	https://openalex.org/A5047186338	Carolyn D. Rathbun	C. D. Rathbun	NULL	NULL	NULL
https://orcid.org/0000-0002-2979-6589	https://openalex.org/A5055130348	Carrie E. Seltzer	Carrie Seltzer	iNaturalist	NULL	NULL
NULL	https://openalex.org/A5055253317	Catherine Julien	Catherine Julien	NULL	NULL	NULL
NULL	https://openalex.org/A5074271118	Catherine W. Mecklenburg	Catherine W. Mecklenburg	NULL	NULL	NULL
NULL	https://openalex.org/A5028228486	Chancey MacDonald	Chancey MacDonald	NULL	NULL	NULL
NULL	https://openalex.org/A5037419217	Changming Yin	Chang-Ming Yin	NULL	NULL	NULL
https://orcid.org/0000-0001-8747-1101	https://openalex.org/A5013057116	Charles C. Davis	Charles C. Davis	NULL	NULL	NULL
https://orcid.org/0000-0002-2036-6750	https://openalex.org/A5082751647	Charles D. Bell	Charles D. Bell	NULL	NULL	NULL
NULL	https://openalex.org/A5019278855	Charles D. Michener	Charles D. Michener	NULL	NULL	NULL
NULL	https://openalex.org/A5003714500	Charles E. Griswold	Charles E. Griswold	NULL	NULL	NULL
NULL	https://openalex.org/A5069527315	Charles E. Reed	C.E. Reed	NULL	NULL	NULL
https://orcid.org/0000-0001-5462-0086	https://openalex.org/A5065925056	Charles F. Wilkinson	Christine E. Wilkinson	NULL	NULL	request submitted 2/26/24
NULL	https://openalex.org/A5004914692	Cheryl Vanderbilt	Cheryl Vanderbilt	NULL	NULL	NULL
https://orcid.org/0000-0003-2428-272X	https://openalex.org/A5038080397	Chris Andrews	Chris Andrews	NULL	NULL	NULL
NULL	https://openalex.org/A5078656327	Chris Wemmer	Chris Wemmer	NULL	NULL	NULL
NULL	https://openalex.org/A5085898853	Christina J. Slager	Christina Joie Slager	NULL	NULL	NULL
NULL	https://openalex.org/A5016070320	Christina Piotrowski	Christina Piotrowski	NULL	NULL	NULL
NULL	https://openalex.org/A5010509888	Christine Garcia	Christine Garcia	NULL	NULL	NULL
https://orcid.org/0000-0002-2631-1021	https://openalex.org/A5081418680	Christine L. Huffard	Christine L. Huffard	Research Associate	NULL	NULL
NULL	https://openalex.org/A5057926695	Christopher C. Grinter	Christopher C. Grinter	NULL	NULL	NULL
NULL	https://openalex.org/A5031931817	Christopher J. Raxworthy	Christopher J. Raxworthy	NULL	NULL	NULL
https://orcid.org/0000-0002-0178-8237	https://openalex.org/A5014273324	Christopher L. Mah	Christopher L. Mah	NULL	NULL	NULL
https://orcid.org/0000-0001-8069-6535	https://openalex.org/A5030223436	Claudia R. Rocha	C. Rocha	NULL	NULL	NULL
NULL	https://openalex.org/A5081621021	Clea Matson	Clea Matson	NULL	NULL	NULL
NULL	https://openalex.org/A5004613752	Clifford Ray Johnson	Clifford R. Johnson	NULL	NULL	NULL
NULL	https://openalex.org/A5082911418	Clive K. Catchpole	Clive K. Catchpole	NULL	NULL	NULL
NULL	https://openalex.org/A5013195452	Cornelius B. Philip	C.B. Philip	NULL	NULL	NULL
NULL	https://openalex.org/A5002644512	Corrie Saux	Corrie Saux	NULL	NULL	NULL
https://orcid.org/0000-0001-6557-1881	https://openalex.org/A5077223530	Cristina Castillo	Cristina Castillo	NULL	NULL	NULL
NULL	https://openalex.org/A5004750161	Curtis J. Chinn	Curtis J. Chinn	NULL	NULL	NULL
NULL	https://openalex.org/A5039898898	Cynthia M. Morton	Cynthia M. Morton	NULL	NULL	NULL
https://orcid.org/0000-0002-2264-4523	https://openalex.org/A5012439545	D. C. F. Rentz	David C. F. Rentz	NULL	NULL	NULL
NULL	https://openalex.org/A5076358840	D. J. Feener	D. J. Feener	NULL	NULL	NULL
NULL	https://openalex.org/A5079498833	D. John Faulkner	DJ Faulkner	NULL	NULL	NULL
NULL	https://openalex.org/A5041591531	D.A. Carrison	D.A. Carrison	NULL	NULL	NULL
NULL	https://openalex.org/A5057585932	Daniel H. Norris	Daniel H. Norris	NULL	NULL	NULL
NULL	https://openalex.org/A5007127465	Daniel Harder	D.K. Harder	NULL	NULL	NULL
https://orcid.org/0000-0003-3518-7277	https://openalex.org/A5081119038	Daniel M. Portik	Daniel M. Portik	NULL	NULL	NULL
NULL	https://openalex.org/A5090771282	Daniela M. Durkin	Daniela M. Durkin	NULL	NULL	NULL
https://orcid.org/0000-0002-1069-1808	https://openalex.org/A5074660992	Daniele Polotow	Daniele Polotow	NULL	NULL	NULL
NULL	https://openalex.org/A5061549399	Daphne G. Fautin	Daphne Gail Fautin	NULL	NULL	NULL
https://orcid.org/0000-0003-0727-2829	https://openalex.org/A5034019669	Darin S. Penneys	Darin S. Penneys	NULL	NULL	NULL
https://orcid.org/0000-0003-1739-5830	https://openalex.org/A5057414926	Darko D. Cotoras	Darko D. Cotoras	Research Associate	NULL	NULL
NULL	https://openalex.org/A5052467785	Darrell Ubick	Darrell Ubick	NULL	NULL	NULL
NULL	https://openalex.org/A5013990107	Dave Catania	Dave Catania	NULL	NULL	NULL
https://orcid.org/0000-0003-4604-8192	https://openalex.org/A5018184500	David A. Ebert	D A Ebert	Research Associate	NULL	NULL
NULL	https://openalex.org/A5021034747	David A. Neely	David A. Neely	NULL	NULL	NULL
https://orcid.org/0000-0002-0560-284X	https://openalex.org/A5075243549	David B. Catania	David B. Catania	NULL	NULL	NULL
NULL	https://openalex.org/A5037555325	David B. Richman	David B. Richman	NULL	NULL	NULL
https://orcid.org/0000-0002-4840-6734	https://openalex.org/A5016158903	David B. Weissman	David B Weissman	NULL	NULL	NULL
NULL	https://openalex.org/A5003673689	David Bettman	David Bettman	NULL	NULL	NULL
https://orcid.org/0000-0002-1810-9886	https://openalex.org/A5051961764	David C. Blackburn	David C. Blackburn	NULL	NULL	NULL
NULL	https://openalex.org/A5022554864	David C. Powell	David C. Powell	NULL	NULL	NULL
https://orcid.org/0000-0003-0816-0124	https://openalex.org/A5087261803	David G. Long	David G. Long	NULL	NULL	NULL
NULL	https://openalex.org/A5057037639	David H. Kavanaugh	David H. Kavanaugh	NULL	NULL	NULL
NULL	https://openalex.org/A5080230973	David J. Morafka	D.J. Morafka	NULL	NULL	NULL
NULL	https://openalex.org/A5068161336	David J. Williams	David Williams	NULL	NULL	NULL
https://orcid.org/0000-0002-7336-3334	https://openalex.org/A5036224704	David L. Wagner	David L. Wagner	NULL	NULL	NULL
https://orcid.org/0000-0002-5597-6188	https://openalex.org/A5061477816	David McGuire	David McGuire	NULL	NULL	NULL
NULL	https://openalex.org/A5012589756	David Oldroyd	David Oldroyd	NULL	NULL	NULL
https://orcid.org/0000-0002-8282-6660	https://openalex.org/A5075756241	David P. Adam	David P. Adam	NULL	NULL	NULL
NULL	https://openalex.org/A5011870780	David P. Mindell	David P. Mindell	NULL	NULL	NULL
https://orcid.org/0000-0002-4183-2263	https://openalex.org/A5088317088	David R. Lindberg	David R. Lindberg	NULL	NULL	NULL
NULL	https://openalex.org/A5077304560	David R. Toren	DAVID R. TOREN	Research Associate	NULL	NULL
https://orcid.org/0000-0002-6794-7851	https://openalex.org/A5057783899	David Rivers	David B. Rivers	NULL	NULL	NULL
NULL	https://openalex.org/A5027628648	David W. Greenfield	Greenfield, David W.	NULL	NULL	NULL
NULL	https://openalex.org/A5059898947	DavidP. Adam	DavidP. Adam	NULL	NULL	NULL
NULL	https://openalex.org/A5053349135	Dawn E. Peterson	Dawn E. Peterson	NULL	NULL	NULL
NULL	https://openalex.org/A5056512244	Debra K Trock	Debra K. Trock	NULL	NULL	NULL
NULL	https://openalex.org/A5004717391	Debra L. Koutnik	Debra L. Koutnik	NULL	NULL	NULL
NULL	https://openalex.org/A5015124686	Deise Cruz	Deise Cruz	NULL	NULL	NULL
https://orcid.org/0000-0003-0783-1002	https://openalex.org/A5039615419	Denise J. Greig	Denise Greig	NULL	NULL	NULL
NULL	https://openalex.org/A5031616193	Dennis E. Breedlove	D. E. Breedlove	NULL	NULL	NULL
https://orcid.org/0000-0002-0421-6437	https://openalex.org/A5014389817	Diana Gamba	Diana Gamba	NULL	NULL	NULL
https://orcid.org/0000-0002-7371-099X	https://openalex.org/A5070835188	Diana Silva-Dávila	Diana Silva-Dávila	NULL	NULL	NULL
NULL	https://openalex.org/A5027421182	Didier Marchand	Didier Marchand	NULL	NULL	NULL
NULL	https://openalex.org/A5047271036	Dimitri Smirnoff	Dimitri Smirnoff	NULL	NULL	NULL
NULL	https://openalex.org/A5045012947	DJ Long	DJ Long	NULL	NULL	NULL
NULL	https://openalex.org/A5020169637	Dorothy K. Washburn	Dorothy K. Washburn	NULL	NULL	NULL
NULL	https://openalex.org/A5032808829	Douglas A. Bell	Douglas A. Bell	NULL	NULL	NULL
https://orcid.org/0000-0002-6816-8040	https://openalex.org/A5062253836	Douglas J. Long	Douglas J. Long	NULL	NULL	NULL
NULL	https://openalex.org/A5042871049	Durrell D. Kapan	Durrell D. Kapan	NULL	NULL	NULL
NULL	https://openalex.org/A5056018970	Dylan O. Bürge	Dylan O. Burge	NULL	NULL	NULL
NULL	https://openalex.org/A5078569508	E. E. Miller	Edward E. Miller	NULL	NULL	NULL
NULL	https://openalex.org/A5005310764	E. P. Van Duzee	Edward P. Van Duzee	NULL	NULL	NULL
NULL	https://openalex.org/A5025334932	Earl S. Herald	Earl S. Herald	NULL	NULL	NULL
NULL	https://openalex.org/A5062458528	Eden Maloney	Eden Maloney	NULL	NULL	NULL
NULL	https://openalex.org/A5035098556	Edgar Orozco	Edgar Orozco	NULL	NULL	NULL
https://orcid.org/0000-0001-5369-6329	https://openalex.org/A5067388483	Edward A. Myers	Edward  A. Myers	NULL	NULL	NULL
https://orcid.org/0000-0001-5257-037X	https://openalex.org/A5070552206	Edward L. Stanley	Edward L. Stanley	NULL	NULL	NULL
NULL	https://openalex.org/A5062498358	Edward Laidlaw Smith	Edward Laidlaw Smith	NULL	NULL	NULL
NULL	https://openalex.org/A5052239102	Edward S. Ross	Edward S. Ross	NULL	NULL	NULL
NULL	https://openalex.org/A5076412127	Eleanor Visser	Eleanor Visser	NULL	NULL	NULL
NULL	https://openalex.org/A5089883773	Eleonora Peter	Peter E	NULL	NULL	NULL
NULL	https://openalex.org/A5072224638	Elisabeth Fourtanier	Elizabeth Fourtanier	NULL	NULL	NULL
https://orcid.org/0000-0002-2279-6762	https://openalex.org/A5057621074	Elizabeth A. Babcock	Elizabeth Babcock	NULL	NULL	NULL
https://orcid.org/0000-0001-6732-565X	https://openalex.org/A5059420211	Elizabeth J. Carlen	Elizabeth J. Carlen	NULL	NULL	NULL
NULL	https://openalex.org/A5029183919	Elizabeth J. Moore	Elizabeth J. Moore	NULL	NULL	NULL
NULL	https://openalex.org/A5083997533	Elizabeth Morrill	Elizabeth Morrill	NULL	NULL	NULL
NULL	https://openalex.org/A5065472859	Elizabeth Selna	Elizabeth Selna	NULL	NULL	NULL
NULL	https://openalex.org/A5043146367	Elkan J. Morris	Elkan J. Morris	NULL	NULL	NULL
https://orcid.org/0000-0003-1054-7491	https://openalex.org/A5002065439	Elliott Smeds	ELLIOTT A. SMEDS	NULL	NULL	NULL
https://orcid.org/0000-0002-0338-0892	https://openalex.org/A5069601950	Elora H. López-Nandam	Elora H. López-Nandam	NULL	NULL	NULL
NULL	https://openalex.org/A5040726739	Emily Magnaghi	Emily B. Magnaghi	NULL	NULL	NULL
NULL	https://openalex.org/A5028696897	Emma Chu	Emma Chu	NULL	NULL	NULL
NULL	https://openalex.org/A5070099251	Eric B. Peterson	Eric B. Peterson	NULL	NULL	NULL
NULL	https://openalex.org/A5033898834	Eric Garcia	Eric Garcia	NULL	NULL	NULL
https://orcid.org/0000-0003-2457-0190	https://openalex.org/A5044510477	Erica J. Ely	Erica J. Ely	NULL	NULL	NULL
NULL	https://openalex.org/A5003763303	Erik Neff	E. E. Neff	NULL	NULL	NULL
NULL	https://openalex.org/A5019923430	Erika L. Garcia	Erika L Garcia	NULL	NULL	NULL
NULL	https://openalex.org/A5006835064	Eugene V. Coan	Eugene V. Coan	NULL	NULL	NULL
NULL	https://openalex.org/A5072729256	Eva Salas	Eva Salas	NULL	NULL	NULL
NULL	https://openalex.org/A5060603394	Evan W. Thomas	E. W. Thomas	NULL	NULL	NULL
https://orcid.org/0000-0001-7603-3704	https://openalex.org/A5027760913	Eve Roman	E. D. Román	NULL	NULL	NULL
NULL	https://openalex.org/A5012968016	F.X. Williams	Francis X. Williams	NULL	NULL	NULL
https://orcid.org/0000-0001-7348-143X	https://openalex.org/A5044415063	Fabián A. Michelangeli	Fabián A. Michelangeli	NULL	NULL	NULL
https://orcid.org/0000-0001-9413-1949	https://openalex.org/A5021061251	Facundo M. Labarque	Facundo Martín Labarque	NULL	NULL	NULL
https://orcid.org/0000-0002-5210-144X	https://openalex.org/A5049537746	Fernando Álvarez-Padilla	Fernando Alvarez-Padilla	NULL	NULL	NULL
https://orcid.org/0000-0001-6613-1343	https://openalex.org/A5064170894	Flávia A. Esteves	Flavia A. Esteves	NULL	NULL	NULL
NULL	https://openalex.org/A5008861864	Francie H. Chu	Francie H. Chu	NULL	NULL	NULL
NULL	https://openalex.org/A5087958031	Francis J. Schmitz	Francis J. Schmitz	NULL	NULL	NULL
NULL	https://openalex.org/A5088251366	Francis X. Glennon	Francis X. Glennon	NULL	NULL	NULL
https://orcid.org/0000-0003-4709-3083	https://openalex.org/A5046323804	Francisco Hita Garcia	Francisco Hita Garcia	NULL	NULL	NULL
NULL	https://openalex.org/A5018260650	Frank Al	Frank Al	NULL	NULL	NULL
https://orcid.org/0000-0001-5091-6875	https://openalex.org/A5048353815	Frank Almeda	Frank. Almeda	NULL	NULL	NULL
NULL	https://openalex.org/A5027870601	Frank Cipriano	Frank Cipriano	NULL	NULL	NULL
NULL	https://openalex.org/A5075222507	Frank Collins Baker	Frank C. Baker	NULL	NULL	NULL
NULL	https://openalex.org/A5030308925	Frank E. Blaisdell	Frank E. Blaisdell	NULL	NULL	NULL
NULL	https://openalex.org/A5023937925	Frank Mace MacFarland	F. M. Macfarland	NULL	NULL	NULL
NULL	https://openalex.org/A5046139341	FrankE. Blaisdell	FrankE. Blaisdell	NULL	NULL	NULL
https://orcid.org/0000-0001-5683-4985	https://openalex.org/A5077725591	Franklyn Cala-Riquelme	Franklyn Cala-Riquelme	NULL	NULL	NULL
https://orcid.org/0009-0005-6772-3603	https://openalex.org/A5067310118	Fred Funk	Fred Funk	NULL	NULL	NULL
NULL	https://openalex.org/A5065359166	Fredric Frye	Fredric L. Frye	NULL	NULL	NULL
NULL	https://openalex.org/A5067432614	Freeland Dunker	Freeland Dunker	NULL	NULL	NULL
NULL	https://openalex.org/A5036159120	G. C. Farrington	Gregory C. Farrington	NULL	NULL	NULL
NULL	https://openalex.org/A5002412948	G. Duell	G. Duell	NULL	NULL	NULL
NULL	https://openalex.org/A5035379278	G. Ross Lindsay	George Lindsay	NULL	NULL	NULL
https://orcid.org/0000-0002-8792-7719	https://openalex.org/A5082963672	Gabriela P. Camacho	Gabriela P. Camacho	NULL	NULL	NULL
NULL	https://openalex.org/A5016332945	Gabriella Garcia	Gabriella Garcia	NULL	NULL	NULL
NULL	https://openalex.org/A5081507688	Galen B. Rathbun	Galen B. Rathbun	NULL	NULL	NULL
NULL	https://openalex.org/A5070965914	Garth I. Murphy	Garth I. Murphy	NULL	NULL	NULL
https://orcid.org/0000-0003-0606-3005	https://openalex.org/A5065297708	Gary C. Williams	Gary C. Williams	NULL	NULL	NULL
NULL	https://openalex.org/A5022098788	Gary D. Ouellette	Gary D. Ouellette	NULL	NULL	NULL
NULL	https://openalex.org/A5040237816	Gary L. Williams	G. Williams	NULL	NULL	NULL
https://orcid.org/0000-0003-4090-7179	https://openalex.org/A5072098158	Gary Li	Gary Li	NULL	NULL	NULL
NULL	https://openalex.org/A5065243549	Georg Fischer	Georg Fischer	NULL	NULL	NULL
NULL	https://openalex.org/A5019503580	George C. Blasiola	G. C. Blasiola	NULL	NULL	NULL
NULL	https://openalex.org/A5062857202	George Chaplin	George Chaplin	NULL	NULL	NULL
NULL	https://openalex.org/A5030201941	George W. Bunton	George W. Bunton	NULL	NULL	NULL
NULL	https://openalex.org/A5069988214	Gerald B. Pier	Gerald B. Pier	NULL	NULL	NULL
NULL	https://openalex.org/A5018900538	Gila Hanna	G. Dallas Hanna	NULL	NULL	NULL
https://orcid.org/0000-0001-9325-922X	https://openalex.org/A5077194360	Gilberto Ocampo	Gilberto Ocampo	NULL	NULL	NULL
https://orcid.org/0000-0003-1494-9017	https://openalex.org/A5077137383	Giovanni Rapacciuolo	Giovanni Rapacciuolo	NULL	NULL	NULL
https://orcid.org/0000-0002-0368-3391	https://openalex.org/A5087724918	Gopinathan K. Menon	Gopinathan K. Menon	Fellow	NULL	NULL
https://orcid.org/0000-0002-4691-1913	https://openalex.org/A5074586413	Graham Short	Graham Short	NULL	NULL	NULL
NULL	https://openalex.org/A5031575968	Greg de Nevers	Greg de Nevers	NULL	NULL	NULL
NULL	https://openalex.org/A5077998627	Greg Riggio	Greg Riggio	NULL	NULL	NULL
https://orcid.org/0000-0001-8790-2610	https://openalex.org/A5082392356	Gregory F.M. Jongsma	Gregory F.M. Jongsma	NULL	NULL	NULL
https://orcid.org/0000-0003-2898-389X	https://openalex.org/A5074947120	Guilherme H. F. Azevedo	Guilherme H F Azevedo	NULL	NULL	NULL
NULL	https://openalex.org/A5090189320	H. S. Swarth	Harry S. Swarth	NULL	NULL	NULL
NULL	https://openalex.org/A5026723745	H. W. Clark	H. Walton Clark	NULL	NULL	NULL
NULL	https://openalex.org/A5055778445	Hanna Gd	Hanna Gd	NULL	NULL	NULL
https://orcid.org/0000-0001-7214-8272	https://openalex.org/A5047289308	Hannah E. Epstein	Hannah E Epstein	NULL	NULL	NULL
https://orcid.org/0000-0003-0453-2699	https://openalex.org/A5020124541	Hannah M. Wood	Hannah Marie Wood	NULL	NULL	NULL
NULL	https://openalex.org/A5089693507	Harriet B. Creighton	Harriet B. Creighton	NULL	NULL	NULL
NULL	https://openalex.org/A5085292073	Harriet Exline	Harriet Exline	NULL	NULL	NULL
NULL	https://openalex.org/A5035747064	Healy Hamilton	H. Hamilton	NULL	NULL	NULL
NULL	https://openalex.org/A5080071143	Heidi E. Robeck	Heidi E. Robeck	NULL	NULL	NULL
NULL	https://openalex.org/A5019677932	Henderson Jb	Henderson Jb	NULL	NULL	submitted request 3/26/24
https://orcid.org/0000-0001-5069-8601	https://openalex.org/A5028292009	Henrik Krehenwinkel	Henrik Krehenwinkel	NULL	NULL	NULL
NULL	https://openalex.org/A5012494885	Henrique Lazzarotto	Henrique Lazzarotto	NULL	NULL	NULL
NULL	https://openalex.org/A5080736258	Henry Taabor	Henry Taabor	NULL	NULL	NULL
NULL	https://openalex.org/A5006763968	Herbert G. Lebherz	Herbert G. Lebherz	NULL	NULL	NULL
NULL	https://openalex.org/A5064030782	Heritiana Ranarivelo	Heritiana Ranarivelo	NULL	NULL	NULL
NULL	https://openalex.org/A5000879214	Hildegarde Howard	Hildegarde Howard	NULL	NULL	NULL
https://orcid.org/0000-0002-3143-1474	https://openalex.org/A5011674962	Hudson T. Pinheiro	Hudson Tercio Pinheiro	Research Associate	NULL	NULL
NULL	https://openalex.org/A5019853729	Hugh B. Leech	Hugh B. Leech	NULL	NULL	NULL
NULL	https://openalex.org/A5014867892	I Edward Miller	I Edward Miller	NULL	NULL	NULL
NULL	https://openalex.org/A5053226740	I Robin Lawson	I Robin Lawson	NULL	NULL	NULL
https://orcid.org/0000-0001-7580-9208	https://openalex.org/A5073800371	I. M. Sokolov	Igor M. Sokolov	NULL	NULL	NULL
https://orcid.org/0000-0002-3749-2884	https://openalex.org/A5070762803	Ian Campbell	Ian Campbell	NULL	NULL	NULL
NULL	https://openalex.org/A5001545828	Iria Fernández-Silva	I. Fernandez-Silva	NULL	NULL	NULL
https://orcid.org/0000-0003-3575-6003	https://openalex.org/A5090327208	Isaac H. Lichter‐Marck	ISAAC H. LICHTER-MARCK	NULL	NULL	NULL
https://orcid.org/0000-0001-8614-6892	https://openalex.org/A5080090882	Isaac Overcast	Isaac Overcast	NULL	NULL	NULL
NULL	https://openalex.org/A5073523026	Isabel A. Matteo	Isabel A. Matteo	Center for Exploration and Travel Health	NULL	NULL
NULL	https://openalex.org/A5040484554	Isidore Szczepaniak	Isidore Szczepaniak	NULL	NULL	NULL
NULL	https://openalex.org/A5058819175	J. Berlioz	J. Berlioz	NULL	NULL	NULL
NULL	https://openalex.org/A5004453522	J. C. Turnier	J. C. Turnier	NULL	NULL	NULL
NULL	https://openalex.org/A5009021422	J. Charles Delbeek	J. Charles Delbeek	NULL	NULL	NULL
NULL	https://openalex.org/A5077946265	J. Dan Webster	J. Dan Webster	NULL	NULL	NULL
NULL	https://openalex.org/A5058073510	J. Grinnell	J. Grinnell	NULL	NULL	NULL
NULL	https://openalex.org/A5002090084	J. K. Harris	Jennifer K. Harris	NULL	NULL	NULL
NULL	https://openalex.org/A5007850139	J. Linsley Gressitt	J. Linsley Gressitt	NULL	NULL	NULL
NULL	https://openalex.org/A5037984976	J. R. Schubel	Jerry R. Schubel	NULL	NULL	NULL
NULL	https://openalex.org/A5063636505	J. Stuart Rowley	J. Stuart Rowley	NULL	NULL	NULL
NULL	https://openalex.org/A5038639677	J. W. Hedgpeth	J. W. Hedgpeth	NULL	NULL	NULL
NULL	https://openalex.org/A5060311549	JÃ©rÃ ́me Fuchs	JÃ©rÃ´me Fuchs	NULL	NULL	NULL
NULL	https://openalex.org/A5062507608	Jack Dumbacher	Jack Dumbacher	NULL	NULL	submitted request 3/26/24
https://orcid.org/0000-0001-9230-9774	https://openalex.org/A5012646249	Jacob A. Gorneau	Jacob A. Gorneau	NULL	NULL	NULL
NULL	https://openalex.org/A5026872649	Jacqueline Schonewald	Jacqueline Schonewald	NULL	NULL	NULL
https://orcid.org/0000-0003-4776-2574	https://openalex.org/A5026527059	Jacques A. Gauthier	Jacques Gauthier	NULL	NULL	NULL
https://orcid.org/0000-0003-0679-2603	https://openalex.org/A5037918506	Jaime A. Chaves	Jaime A. Chaves	NULL	NULL	NULL
NULL	https://openalex.org/A5064058312	James Angus Chandler	James Angus Chandler	NULL	NULL	NULL
https://orcid.org/0000-0003-4086-9643	https://openalex.org/A5025538521	James C. Kelley	James C. Kelley	NULL	NULL	NULL
NULL	https://openalex.org/A5077307236	James D. Nations	J.D Nations	NULL	NULL	NULL
NULL	https://openalex.org/A5073172955	James E. Wetzel	James E. Wetzel	NULL	NULL	NULL
https://orcid.org/0000-0001-5058-9499	https://openalex.org/A5032859215	James F. Parham	James F. Parham	NULL	NULL	NULL
NULL	https://openalex.org/A5082944896	James Henderson	James B. Henderson	NULL	NULL	submitted request 3/26/24
NULL	https://openalex.org/A5079696018	James Moffitt	James Moffitt	NULL	NULL	NULL
NULL	https://openalex.org/A5015477194	James P. Bogart	J. P. Bogart	NULL	NULL	NULL
NULL	https://openalex.org/A5037793417	James P. O’Brien	James P. O’Brien	NULL	NULL	NULL
https://orcid.org/0000-0003-1283-0709	https://openalex.org/A5070141501	James R. Shevock	James R. Shevock	NULL	NULL	submitted request 3/26/24
NULL	https://openalex.org/A5021925833	James V Lawry	James V Lawry	NULL	NULL	NULL
NULL	https://openalex.org/A5012355136	James V. Lawry	James Lawry	NULL	NULL	NULL
NULL	https://openalex.org/A5041926196	Jane Goodall	Jane Goodall	NULL	NULL	NULL
NULL	https://openalex.org/A5063063305	Jaranthada Karnasuta	Jaranthada Karnasuta	NULL	NULL	NULL
NULL	https://openalex.org/A5070654541	Jason R. Brooks	Jason R. Brooks	Research Associate	NULL	NULL
NULL	https://openalex.org/A5081737039	Javier A. Ceja-Navarro	Javier A. Ceja-Navarro	NULL	NULL	NULL
https://orcid.org/0000-0003-4534-9997	https://openalex.org/A5035519215	Jayanthi Puniamoorthy	Jayanthi Puniamoorthy	NULL	NULL	NULL
NULL	https://openalex.org/A5033269288	Jean Claude Rakotonirina	Jean Claude Rakotonirina	NULL	NULL	NULL
NULL	https://openalex.org/A5011339715	Jean F. DeMouthe	Jean F. DeMouthe	NULL	NULL	NULL
https://orcid.org/0000-0001-8987-5521	https://openalex.org/A5058202160	Jean Kleber de Abreu Mattos	Jean Mattos	NULL	NULL	NULL
NULL	https://openalex.org/A5085540639	Jean‐Paul A. Hobbs	Jean-Paul A. Hobbs	NULL	NULL	NULL
NULL	https://openalex.org/A5075203446	Jeffery A. Wilkinson	Jeffery A Wilkinson	NULL	NULL	NULL
https://orcid.org/0000-0001-5066-1235	https://openalex.org/A5058655038	Jeffrey D. Wall	Jeffrey D Wall	Research Associate	NULL	NULL
NULL	https://openalex.org/A5046162332	Jei Ying Chen	Jei Ying Chen	NULL	NULL	NULL
NULL	https://openalex.org/A5060458073	Jei-Ying Chen	Jei-Ying Chen	NULL	NULL	NULL
https://orcid.org/0000-0002-9041-915X	https://openalex.org/A5026134316	Jennifer A. Hoey	Jennifer A Hoey	NULL	NULL	NULL
NULL	https://openalex.org/A5056398127	Jennifer Michael	Jennifer Michael	NULL	NULL	NULL
NULL	https://openalex.org/A5030334499	Jens V. Vindum	Jens V. Vindum	NULL	NULL	NULL
NULL	https://openalex.org/A5056624857	Jere S. Schweikert	Jere Schweikert	NULL	NULL	NULL
https://orcid.org/0000-0001-8918-9775	https://openalex.org/A5004076257	Jeremy A. Miller	J.A. Miller	NULL	NULL	NULL
NULL	https://openalex.org/A5061795178	Jerold M. Lowenstein	Jerold M. Lowenstein	NULL	NULL	NULL
https://orcid.org/0000-0003-1972-0078	https://openalex.org/A5035058135	Jérôme Fuchs	Jérôme Fuchs	NULL	NULL	NULL
NULL	https://openalex.org/A5058115756	Jessica J. Jang	Jang, Jessica J.	Research Associate	NULL	NULL
NULL	https://openalex.org/A5061449277	Jim Henderson	Jim Henderson	NULL	NULL	submitted request 3/26/24
NULL	https://openalex.org/A5025693387	Jim Shevock	Jim Shevock	NULL	NULL	submitted request 3/26/24
NULL	https://openalex.org/A5042777991	Jocelyn B. Garovoy	Jocelyn B. Garovoy	NULL	NULL	NULL
NULL	https://openalex.org/A5074301898	Joe Rubenstein	J. Rubenstein	NULL	NULL	NULL
NULL	https://openalex.org/A5043534515	Joel M. Ledford	Joel Ledford	NULL	NULL	NULL
https://orcid.org/0000-0002-5741-3792	https://openalex.org/A5000748221	Johanna Camila Gijsbers	Johanna C. Gijsbers	NULL	NULL	NULL
NULL	https://openalex.org/A5007124446	John E. Cadle	John E. Cadle	NULL	NULL	NULL
NULL	https://openalex.org/A5058436671	John E. McCosker	John E. McCosker	NULL	NULL	NULL
NULL	https://openalex.org/A5026254549	John E. Randall	John E. Randall	NULL	NULL	NULL
https://orcid.org/0000-0002-8942-1383	https://openalex.org/A5053646238	John E. Simmons	John E. Simmons	NULL	NULL	NULL
NULL	https://openalex.org/A5032500606	John J. Holleman	John J. Holleman	NULL	NULL	NULL
https://orcid.org/0000-0002-6182-2505	https://openalex.org/A5012631297	John L. Boyette	John L. Boyette	NULL	NULL	NULL
NULL	https://openalex.org/A5061751254	John L. Carr	John L. Carr	NULL	NULL	NULL
NULL	https://openalex.org/A5017857209	John Nichols	John Treadwell Nichols	NULL	NULL	NULL
NULL	https://openalex.org/A5032879103	John P. Dumbacher	John P. Dumbacher	NULL	NULL	submitted request 3/26/24
https://orcid.org/0000-0001-9824-7164	https://openalex.org/A5068057510	John Patrick Kociolek	J.P. Kociolek	NULL	NULL	NULL
https://orcid.org/0000-0002-6360-5512	https://openalex.org/A5070589951	John R. Spence	John R. Spence	Research Associate	NULL	NULL
NULL	https://openalex.org/A5085418742	John S. Pearse	John S. Pearse	NULL	NULL	NULL
NULL	https://openalex.org/A5049164013	John Thomas Howell	John Thomas Howell	NULL	NULL	NULL
NULL	https://openalex.org/A5054419734	John Wooley	John Wooley	NULL	NULL	NULL
NULL	https://openalex.org/A5060986847	Jon D. Fong	Jon D. Fong	NULL	NULL	NULL
NULL	https://openalex.org/A5017776379	Jonathan A. Foley	Jonathan A. Foley	NULL	NULL	NULL
https://orcid.org/0000-0002-8327-3703	https://openalex.org/A5072736258	Jong Hwan Kwak	Jong Hwan Kwak	NULL	NULL	NULL
NULL	https://openalex.org/A5091797033	Jorge A. Angulo-Valdés	Jorge Alberto Angulo-Valdés	NULL	NULL	NULL
https://orcid.org/0000-0002-7856-0433	https://openalex.org/A5059159047	José Manuel Fragoso	José M. V. Fragoso	Research Associate	NULL	NULL
https://orcid.org/0000-0002-3748-8084	https://openalex.org/A5074828371	José Marı́a Gutiérrez	José María Gutiérrez	NULL	NULL	NULL
NULL	https://openalex.org/A5022422899	Joseph B. Slowinski	Joseph B. Slowinski	NULL	NULL	NULL
NULL	https://openalex.org/A5026396674	Joseph D. DiBattista	Joseph D. DiBattista	NULL	NULL	NULL
NULL	https://openalex.org/A5010129775	Joseph Evans	Joseph Evans	NULL	NULL	NULL
NULL	https://openalex.org/A5068371826	Joseph G. Hall	Joseph G. Hall	NULL	NULL	NULL
https://orcid.org/0000-0002-9771-9331	https://openalex.org/A5019535042	Joseph Ho	Jiajer Ho	NULL	NULL	NULL
NULL	https://openalex.org/A5091065955	Joseph Mailliard	Joseph Mailliard	NULL	NULL	NULL
NULL	https://openalex.org/A5072865098	Joseph Russack	Joseph Russack	NULL	NULL	NULL
https://orcid.org/0000-0003-4147-4037	https://openalex.org/A5071381812	Joshua M. Hallas	Joshua M. Hallas	NULL	NULL	NULL
https://orcid.org/0000-0002-7258-1700	https://openalex.org/A5035425184	Juan Carlos Pérez‐Jiménez	Juan Carlos Pérez-Jiménez	NULL	NULL	NULL
NULL	https://openalex.org/A5091898886	Julie Packard	Julie Packard	NULL	NULL	NULL
NULL	https://openalex.org/A5006600095	K. Markello	K. Markello	NULL	NULL	NULL
NULL	https://openalex.org/A5014969942	Karim Quesada-Khoury	Karim Quesada-Khoury	NULL	NULL	NULL
NULL	https://openalex.org/A5048048487	Karl H. Switak	Karl H. Switak	NULL	NULL	NULL
https://orcid.org/0000-0002-3233-8917	https://openalex.org/A5026692495	Karl‐Ludwig Schuchmann	Karl-L. Schuchmann	NULL	NULL	NULL
NULL	https://openalex.org/A5075803629	Kasia Stachura-Suchoples	Kasia Stachura-Suchoples	NULL	NULL	NULL
NULL	https://openalex.org/A5070306610	Kate S. Freeman	Kate S. Freeman	NULL	NULL	NULL
https://orcid.org/0000-0001-6679-0066	https://openalex.org/A5069193892	Katharine Prata	Katharine E. Prata	NULL	NULL	NULL
https://orcid.org/0000-0002-1635-5485	https://openalex.org/A5034447627	Katherine E. Wenzell	Katherine E Wenzell	NULL	NULL	NULL
https://orcid.org/0000-0001-8219-1119	https://openalex.org/A5048810646	Katherine O. Montana	Katherine O Montana	NULL	NULL	NULL
NULL	https://openalex.org/A5070207371	Kathleen A. Campbell	Kathleen A. Campbell	NULL	NULL	NULL
NULL	https://openalex.org/A5060866296	Kathleen A. Kron	Kathleen A. Kron	NULL	NULL	NULL
https://orcid.org/0000-0002-8762-1314	https://openalex.org/A5047773540	Kathryn Kazuko High	Kathryn K. High	NULL	NULL	NULL
NULL	https://openalex.org/A5068762089	Kathy Sherfey	Kathy Sherfey	NULL	NULL	NULL
NULL	https://openalex.org/A5040696237	Kay E. Holekamp	Kay E. Holekamp	NULL	NULL	NULL
https://orcid.org/0000-0002-8283-7052	https://openalex.org/A5061320601	Keith M. Bayless	Keith M. Bayless	NULL	NULL	NULL
NULL	https://openalex.org/A5037496342	Ken Ackerman	Ken Ackerman	NULL	NULL	NULL
https://orcid.org/0000-0001-7147-2054	https://openalex.org/A5090716679	Kenneth D. Angielczyk	Kenneth D. Angielczyk	NULL	NULL	NULL
NULL	https://openalex.org/A5048162895	Kenneth I. Warheit	K. I. Warheit	NULL	NULL	NULL
NULL	https://openalex.org/A5064262943	Kenneth J. Sytsma	Kenneth J Sytsma	NULL	NULL	NULL
NULL	https://openalex.org/A5030972261	Kenneth Kellman	Kenneth M. Kellman	NULL	NULL	NULL
NULL	https://openalex.org/A5033804161	Kerry L. Heise	Kerry Heise	NULL	NULL	NULL
https://orcid.org/0000-0002-5610-9262	https://openalex.org/A5012365378	Kevin A. Feldheim	Kevin A. Feldheim	NULL	NULL	NULL
NULL	https://openalex.org/A5053707284	Kevin D. Wiseman	Kevin D. Wiseman	NULL	NULL	NULL
https://orcid.org/0000-0001-9165-3522	https://openalex.org/A5033204971	Kevin de Queiroz	Kevin de Queiroz	NULL	NULL	NULL
https://orcid.org/0000-0003-2169-9626	https://openalex.org/A5010732431	Kim Bassos‐Hull	Kimbrough Bassos-Hull	NULL	NULL	NULL
NULL	https://openalex.org/A5018105091	Kim E. Steiner	K. E. Steiner	NULL	NULL	NULL
NULL	https://openalex.org/A5028982687	Kristen Cella	Kristen Cella	NULL	NULL	NULL
https://orcid.org/0000-0002-5725-7486	https://openalex.org/A5045765205	Kristin B. Byrd	Kristin B. Byrd	NULL	NULL	NULL
https://orcid.org/0000-0001-9755-3223	https://openalex.org/A5043027896	Kristy Deiner	Kristy Deiner	NULL	NULL	NULL
NULL	https://openalex.org/A5015784883	Kylie Lev	Kylie Lev	NULL	NULL	NULL
NULL	https://openalex.org/A5067891651	L. J. Tolmach	L. J. Tolmach	NULL	NULL	NULL
https://orcid.org/0000-0001-8476-2851	https://openalex.org/A5068711589	Lana Krol	Lana Krol	NULL	NULL	NULL
NULL	https://openalex.org/A5008162015	Lau- Ren Scheinberg	Scheinberg, Lau- Ren	NULL	NULL	request submitted 3/26/24
NULL	https://openalex.org/A5091878371	Laura Herszenhorn	Laura Herszenhorn	NULL	NULL	NULL
NULL	https://openalex.org/A5000875536	Laura Lee Wilkinson	Laura Wilkinson	NULL	NULL	NULL
NULL	https://openalex.org/A5079031075	Laura Smale	Laura Smale	NULL	NULL	NULL
https://orcid.org/0000-0002-5514-7486	https://openalex.org/A5081138538	Lauren A. Esposito	Lauren Esposito	NULL	NULL	NULL
NULL	https://openalex.org/A5000146502	Lauren A. Scheinberg	Lauren A. Scheinberg	NULL	NULL	request submitted 3/26/24
NULL	https://openalex.org/A5029529069	Leah Kalish	Leah Kalish	NULL	NULL	NULL
NULL	https://openalex.org/A5022904017	Leo G. Hoevers	L. G. Hoevers	NULL	NULL	NULL
NULL	https://openalex.org/A5015019312	Leo George Hertlein	Leo George Hertlein	NULL	NULL	NULL
NULL	https://openalex.org/A5070481648	Leonard J. V. Compagno	Leonard J. V. Compagno	NULL	NULL	NULL
https://orcid.org/0000-0002-3809-9865	https://openalex.org/A5034549410	Leslie R. Landrum	Leslie R. Landrum	NULL	NULL	NULL
NULL	https://openalex.org/A5043932992	Leverett M. Loomis	Leverett Mills Loomis	NULL	NULL	NULL
NULL	https://openalex.org/A5049991846	Lewis Petrinovich	Lewis Petrinovich	NULL	NULL	NULL
NULL	https://openalex.org/A5047888450	Lihua Zhou	L. H. Zhou	NULL	NULL	NULL
NULL	https://openalex.org/A5047951622	Lina M. Almeida-Silva	Lina M. Almeida-Silva	NULL	NULL	NULL
NULL	https://openalex.org/A5013635394	Linda Novitski	Linda Novitski	NULL	NULL	NULL
NULL	https://openalex.org/A5012433410	Linda S. Cordell	Linda S. Cordell	NULL	NULL	NULL
https://orcid.org/0000-0003-1539-5829	https://openalex.org/A5078540917	Lindzy Bivings	Lindzy Bivings	NULL	NULL	NULL
NULL	https://openalex.org/A5013451144	Lisa Larkin	Lisa Larkin	NULL	NULL	NULL
NULL	https://openalex.org/A5053753873	Logan Kahle	Logan Q. Kahle	NULL	NULL	NULL
NULL	https://openalex.org/A5060965537	Louie Marincovich	Louie Marincovich	NULL	NULL	NULL
https://orcid.org/0000-0001-9632-1519	https://openalex.org/A5009586997	Luciann Heeg	Luciann Heeg	NULL	NULL	NULL
NULL	https://openalex.org/A5041127141	Luis F. Baptista	Luis Felipe Baptista	Research Associate	NULL	NULL
https://orcid.org/0000-0002-0591-9978	https://openalex.org/A5034571861	Luis M. P. Ceríaco	Luis M. P. Ceríaco	NULL	NULL	NULL
https://orcid.org/0000-0003-4011-569X	https://openalex.org/A5072677791	Luiz A. Rocha	L. A. Rocha	NULL	NULL	NULL
https://orcid.org/0000-0002-9189-6820	https://openalex.org/A5029079542	Lynn J. Bonomo	Lynn J. Bonomo	NULL	NULL	NULL
https://orcid.org/0000-0002-3279-7689	https://openalex.org/A5050892228	Lynne R. Parenti	Lynne R. Parenti	NULL	NULL	NULL
NULL	https://openalex.org/A5066051665	M E Mclellan Davidson	M. E. Davidson	NULL	NULL	NULL
NULL	https://openalex.org/A5046844132	M. A. Prentice	Michael A. Prentice	NULL	NULL	NULL
NULL	https://openalex.org/A5062130702	M. D. Lowman	M. Lowman	NULL	NULL	NULL
NULL	https://openalex.org/A5087668023	M. Elliott Jessup	M. E. Jessup	NULL	NULL	NULL
NULL	https://openalex.org/A5073546707	M. Eric Anderson	M. Eric Anderson	NULL	NULL	NULL
NULL	https://openalex.org/A5065995975	M. J. Largen	M. J. Largen	NULL	NULL	NULL
https://orcid.org/0000-0003-0204-5440	https://openalex.org/A5018203952	M. P. Jones	Maia M. Jones	NULL	NULL	request submitted 3/26/24
NULL	https://openalex.org/A5005297083	M. T. Ghiselin	MT Ghiselin	NULL	NULL	NULL
NULL	https://openalex.org/A5008283881	M. Tandy	M. Tandy	NULL	NULL	NULL
NULL	https://openalex.org/A5003754787	M.R. Jennings	Mark R. Jennings	Aquarium	NULL	NULL
NULL	https://openalex.org/A5012028814	Madison H. Hansen	Madison H. Hansen	NULL	NULL	NULL
NULL	https://openalex.org/A5014531037	Malcolm R. Miller	Malcolm R. Miller	NULL	NULL	NULL
NULL	https://openalex.org/A5072591958	Malcolm Telford	M. Telford	NULL	NULL	NULL
https://orcid.org/0000-0002-7012-2420	https://openalex.org/A5037527944	Man‐Chiu Poon	Man-Chiu Poon	NULL	NULL	NULL
https://orcid.org/0000-0001-6822-7269	https://openalex.org/A5047096670	Manuel Luján	Manuel Luján	NULL	NULL	NULL
https://orcid.org/0000-0002-1958-7687	https://openalex.org/A5041153173	Marc A. Webber	Marc A. Webber	Research Associate	O&M	NULL
NULL	https://openalex.org/A5019591032	Marcel T. Kouete	M T Kouete	NULL	NULL	NULL
https://orcid.org/0000-0002-7374-4890	https://openalex.org/A5004665721	Marcel van Tuinen	Marcel van Tuinen	NULL	NULL	NULL
NULL	https://openalex.org/A5014786207	Marcela Alvear	Marcela Alvear	NULL	NULL	NULL
NULL	https://openalex.org/A5022049816	Margaret Burke	Margaret Burke	NULL	NULL	NULL
NULL	https://openalex.org/A5041698114	Margaret D. Lowman	Margaret Lowman	NULL	NULL	NULL
NULL	https://openalex.org/A5000251930	Mariana Padrón	M. Padron	NULL	NULL	NULL
NULL	https://openalex.org/A5010270118	Maricela Abarca	Abarca, Maricela	NULL	NULL	NULL
NULL	https://openalex.org/A5092693379	Marion Richardson-Beatty	Marion Richardson-Beatty	NULL	NULL	NULL
https://orcid.org/0000-0002-9926-6313	https://openalex.org/A5048926741	Marjorie A. Cox	Marjorie A. Cox	Curatorial Assistant	O&M	NULL
NULL	https://openalex.org/A5040654750	Mark C. Swanson	M.C. Swanson	NULL	NULL	NULL
https://orcid.org/0000-0003-1482-0109	https://openalex.org/A5045383940	Mark S. Harvey	Mark S Harvey	NULL	NULL	NULL
https://orcid.org/0000-0002-3644-8347	https://openalex.org/A5065288345	Mark V. Erdmann	Mark V. Erdmann	Research Associate	NULL	NULL
https://orcid.org/0000-0003-0518-346X	https://openalex.org/A5086078311	Marta Pola	Marta Pola	NULL	NULL	NULL
NULL	https://openalex.org/A5026410613	Martin L. Morton	Martin L. Morton	NULL	NULL	NULL
NULL	https://openalex.org/A5062994010	Mary E. McLellan	Mary E. McLellan	NULL	NULL	NULL
NULL	https://openalex.org/A5054408936	Mary Hyde Tarail	Mary Hyde Tarail	NULL	NULL	NULL
NULL	https://openalex.org/A5057752657	Matt Wandell	Matt Wandell	NULL	NULL	NULL
NULL	https://openalex.org/A5040191259	Matthew E. Durnin	Matthew E. Durnin	NULL	NULL	NULL
https://orcid.org/0000-0002-7473-9727	https://openalex.org/A5011880331	Matthew H. Van Dam	Matthew H. Van Dam	NULL	NULL	NULL
NULL	https://openalex.org/A5005475552	Matthew Hoard	Matthew Hoard	NULL	NULL	NULL
https://orcid.org/0000-0003-4480-9891	https://openalex.org/A5050471216	Matthew R. Lewin	Matthew R. Lewin	Fellow	NULL	NULL
NULL	https://openalex.org/A5066210353	Matthew T. Craig	Matthew T. Craig	NULL	NULL	NULL
NULL	https://openalex.org/A5040221608	Maureen E. Flannery	Maureen Flannery	NULL	NULL	NULL
NULL	https://openalex.org/A5016670397	Mauritius V. Bell	Mauritius V. Bell	NULL	NULL	NULL
NULL	https://openalex.org/A5004471434	Maxine Zylberberg	Maxine Zylberberg	NULL	NULL	NULL
NULL	https://openalex.org/A5023346735	Melony L. Walsh	Melony L. Walsh	NULL	NULL	NULL
https://orcid.org/0000-0002-9644-1761	https://openalex.org/A5031999472	Michael A. Murphy	Michael A. Murphy	NULL	NULL	NULL
NULL	https://openalex.org/A5058544648	Michael D. Lagios	Michael D. Lagios	NULL	NULL	NULL
NULL	https://openalex.org/A5077425303	Michael J. Moratto	Michael J. Moratto	NULL	NULL	NULL
NULL	https://openalex.org/A5031464574	Michael Russell	Michael P. Russell	NULL	NULL	NULL
NULL	https://openalex.org/A5044745974	Michael S. Engel	M. Engel	NULL	NULL	NULL
https://orcid.org/0000-0001-6096-6315	https://openalex.org/A5014256559	Michael S. Ignatov	Michael S. Ignatov	NULL	NULL	NULL
NULL	https://openalex.org/A5017624547	Michael Schaadt	Michael Schaadt	NULL	NULL	NULL
NULL	https://openalex.org/A5047701183	Michael T. Ghiselin	Michael T. Ghiselin	NULL	NULL	NULL
NULL	https://openalex.org/A5021318403	Michele Bouvier	Michele Bouvier	NULL	NULL	NULL
https://orcid.org/0000-0001-6390-7177	https://openalex.org/A5086409053	Michelle Achlatis	Michelle Achlatis	NULL	NULL	NULL
https://orcid.org/0000-0002-0371-5621	https://openalex.org/A5090494404	Michelle R. Gaither	M. R. Gaither	NULL	NULL	NULL
https://orcid.org/0000-0003-0410-722X	https://openalex.org/A5016955064	Michelle S. Koo	Michelle S. Koo	NULL	NULL	NULL
NULL	https://openalex.org/A5010582700	Michelle Trautwein	Michelle Trautwein	NULL	NULL	NULL
https://orcid.org/0000-0002-8301-1340	https://openalex.org/A5077248280	Miguel Fernández	Miguel Fernández	NULL	NULL	NULL
NULL	https://openalex.org/A5051661381	Mikael Härlin	Mikael Härlin	NULL	NULL	NULL
NULL	https://openalex.org/A5071202963	Mike Schmitt	Mike Schmitt	NULL	NULL	NULL
https://orcid.org/0000-0003-1468-5541	https://openalex.org/A5014597030	Minoru Yoshimura	Masashi Yoshimura	NULL	NULL	NULL
NULL	https://openalex.org/A5020195784	Misha Leong	Misha Leong	NULL	NULL	NULL
NULL	https://openalex.org/A5078961969	Moe Flannery	Moe Flannery	NULL	NULL	NULL
https://orcid.org/0000-0002-3236-8403	https://openalex.org/A5027308323	Moisés A. Bernal	M. A. Bernal	NULL	NULL	NULL
NULL	https://openalex.org/A5018685634	Molli M. MacDonald	Molli M. MacDonald	NULL	NULL	NULL
NULL	https://openalex.org/A5047067006	Mona Bourell	Mona Bourell	NULL	NULL	NULL
https://orcid.org/0000-0001-9633-7342	https://openalex.org/A5045829203	Monica McDonald	Monica M. McDonald	NULL	NULL	NULL
NULL	https://openalex.org/A5079813897	N. Brunwin	N. Brunwin	NULL	NULL	NULL
https://orcid.org/0000-0002-4049-3941	https://openalex.org/A5084346787	N. Dean Pentcheff	Dean Pentcheff	NULL	NULL	NULL
NULL	https://openalex.org/A5079782728	N. L. Sinai	N. L. Sinai	NULL	NULL	NULL
NULL	https://openalex.org/A5076382742	Nancy Bronstein	Bronstein, Nancy	NULL	NULL	NULL
NULL	https://openalex.org/A5061090287	Natalie H. N. Low	Natalie H.N. Low	NULL	NULL	NULL
https://orcid.org/0000-0002-0221-9650	https://openalex.org/A5048415233	Nathalie S. Nagalingum	Nathalie S. Nagalingum	NULL	NULL	NULL
NULL	https://openalex.org/A5078918138	Neal Ramus	Neal Ramus	NULL	NULL	NULL
NULL	https://openalex.org/A5085644438	Neil E. Fahy	Neil E. Fahy	NULL	NULL	NULL
NULL	https://openalex.org/A5076197403	Nicholas G. Crawford	Nicholas G. Crawford	NULL	NULL	NULL
https://orcid.org/0000-0002-8698-7656	https://openalex.org/A5057189098	Nicholas J. Matzke	Nicholas J. Matzke	NULL	NULL	NULL
NULL	https://openalex.org/A5070565241	Nigella Hillgarth	Nigella Hillgarth	NULL	NULL	NULL
https://orcid.org/0000-0001-7644-874X	https://openalex.org/A5009978269	Nina G. Jablonski	Nina G Jablonski	NULL	NULL	NULL
NULL	https://openalex.org/A5022480963	Nina L. Baghai	Nina L. Baghai	NULL	NULL	NULL
NULL	https://openalex.org/A5053149510	Nir L. Gil‐ad	Nir L. Gil-ad	NULL	NULL	NULL
https://orcid.org/0000-0001-8974-0301	https://openalex.org/A5035775363	Norah P. Saarman	Norah P. Saarman	NULL	NULL	NULL
NULL	https://openalex.org/A5042494871	Norman D. Penny	Norman D. Penny	NULL	NULL	NULL
https://orcid.org/0000-0001-5228-9940	https://openalex.org/A5069808908	Oleksandr Zinenko	Oleksandr Zinenko	NULL	NULL	NULL
NULL	https://openalex.org/A5017094041	Ore Carmi	Ore Carmi	NULL	NULL	NULL
NULL	https://openalex.org/A5064589616	Otto M. Sokol	O. M. Sokol	NULL	NULL	NULL
NULL	https://openalex.org/A5012505885	P. Christiaan Klieger	P. Christiaan Klieger	NULL	NULL	NULL
https://orcid.org/0000-0001-7391-7133	https://openalex.org/A5070597935	Palatty Allesh Sinu	Palatty Allesh Sinu	NULL	NULL	NULL
https://orcid.org/0000-0001-9116-5350	https://openalex.org/A5007961446	Panpim Thongsripong	Panpim Thongsripong	NULL	NULL	NULL
https://orcid.org/0000-0002-4963-2696	https://openalex.org/A5065434828	Patrícia Morales	Patricia Morales	NULL	NULL	NULL
https://orcid.org/0000-0002-7048-2514	https://openalex.org/A5025013830	Paul E. Marek	Paul E. Marek	NULL	NULL	NULL
NULL	https://openalex.org/A5035425284	Paul H. Arnaud	Paul H. Arnaud	NULL	NULL	NULL
NULL	https://openalex.org/A5060307523	Paul S. Matsumoto	Paul S. Matsumoto	NULL	NULL	NULL
NULL	https://openalex.org/A5026199574	Pelin Yilmaz	Pelin Yilmaz	NULL	NULL	NULL
NULL	https://openalex.org/A5089148408	Penny Jennings	Penny Jennings	NULL	NULL	NULL
https://orcid.org/0000-0003-1418-734X	https://openalex.org/A5026976143	Pepper W. Trail	Pepper W. Trail	NULL	NULL	NULL
https://orcid.org/0000-0002-0501-3471	https://openalex.org/A5049464925	Peter Alexander	Peter Alexander	NULL	NULL	NULL
https://orcid.org/0000-0002-9811-1176	https://openalex.org/A5050488917	Peter D. Roopnarine	Peter D. Roopnarine	NULL	NULL	NULL
NULL	https://openalex.org/A5083602791	Peter F. Brussard	Peter F. Brussard	NULL	NULL	NULL
https://orcid.org/0000-0003-2306-4974	https://openalex.org/A5007119947	Peter Johnson	P. M. Johnson	NULL	NULL	NULL
https://orcid.org/0000-0001-7989-4032	https://openalex.org/A5050608918	Peter M. Elias	Peter M Elias	NULL	NULL	NULL
https://orcid.org/0000-0003-4541-8243	https://openalex.org/A5070359985	Peter Morse	Peter Morse	NULL	NULL	NULL
NULL	https://openalex.org/A5083574479	Peter Schaller	P. Schaller	NULL	NULL	NULL
NULL	https://openalex.org/A5056032505	Peter U. Rodda	Peter Rodda	NULL	NULL	NULL
https://orcid.org/0000-0002-3606-663X	https://openalex.org/A5049875491	Peter W. Fritsch	Peter W. Fritsch	NULL	NULL	NULL
https://orcid.org/0000-0003-2592-1298	https://openalex.org/A5015535285	Petra Sierwald	Petra Sierwald	NULL	NULL	NULL
https://orcid.org/0000-0002-5077-4982	https://openalex.org/A5049817954	Philip E. Bickler	Philip E. Bickler	Fellow	NULL	NULL
https://orcid.org/0000-0001-6747-6044	https://openalex.org/A5025512369	Pim Bongaerts	Pim Bongaerts	NULL	NULL	NULL
NULL	https://openalex.org/A5022676707	R. Kenyon Ross	Richard Ross	NULL	NULL	NULL
NULL	https://openalex.org/A5082113422	R. M. Macfarlane	R. M. Macfarlane	NULL	NULL	NULL
NULL	https://openalex.org/A5072481158	R.P. Dempster	Robert P. Dempster	NULL	NULL	NULL
https://orcid.org/0000-0003-0977-9623	https://openalex.org/A5029375814	Rachel C. Quock	Rachel Quock	NULL	NULL	NULL
NULL	https://openalex.org/A5002601902	Rachel Hertog	Rachel Hertog	NULL	NULL	NULL
NULL	https://openalex.org/A5005670980	Rachel M. Liu	Rachel M. Liu	NULL	NULL	NULL
NULL	https://openalex.org/A5092693378	Racqyl Basas	Racqyl Basas	NULL	NULL	NULL
NULL	https://openalex.org/A5041325064	Ralph Wichterman	Ralph Wichterman	NULL	NULL	NULL
NULL	https://openalex.org/A5002924704	Raphael Ritson‐Williams	R. Ritson-Williams	NULL	NULL	NULL
NULL	https://openalex.org/A5080146411	RAYMOND BANDAR	RAYMOND BANDAR	NULL	NULL	NULL
https://orcid.org/0000-0002-0123-8833	https://openalex.org/A5090930881	Rayna C. Bell	Rayna C. Bell	NULL	NULL	NULL
https://orcid.org/0000-0003-3409-8766	https://openalex.org/A5083366921	Rebecca Albright	Rebecca Albright	NULL	NULL	NULL
https://orcid.org/0000-0003-2249-2643	https://openalex.org/A5082412409	Rebecca F. Johnson	Rebecca Fay Johnson	NULL	NULL	NULL
NULL	https://openalex.org/A5034051278	Rebekah Kim	Rebekah Kim	NULL	NULL	NULL
https://orcid.org/0000-0002-1138-7533	https://openalex.org/A5049186367	Ricardo Kriebel	Ricardo Kriebel	NULL	NULL	NULL
https://orcid.org/0000-0001-9566-5344	https://openalex.org/A5086987380	Ricardo Pacífico	Pacifico, Ricardo	NULL	NULL	NULL
https://orcid.org/0000-0003-1533-8488	https://openalex.org/A5029878681	Rich Mooi	Rich Mooi	NULL	NULL	request submitted 3/26/24
https://orcid.org/0000-0002-1466-0232	https://openalex.org/A5063934928	Richard B. King	R. B. King	NULL	NULL	NULL
NULL	https://openalex.org/A5033857744	Richard C. Banks	Richard C. Banks	NULL	NULL	NULL
https://orcid.org/0000-0003-4789-1595	https://openalex.org/A5077349190	Richard E. Strauss	Richard E. Strauss	NULL	NULL	NULL
NULL	https://openalex.org/A5004706820	Richard K. Kiyomoto	Richard K. Kiyomoto	NULL	NULL	NULL
NULL	https://openalex.org/A5002917293	Richard L. Pallowick	Richard L. Pallowick	NULL	NULL	NULL
NULL	https://openalex.org/A5079613671	Richard Mooi	Richard Mooi	NULL	NULL	request submitted 3/26/24
NULL	https://openalex.org/A5011744280	Ricka E. Stoelting	Ricka E. Stoelting	NULL	NULL	NULL
NULL	https://openalex.org/A5080769347	Robert B. Payne	Robert B. Payne	NULL	NULL	NULL
NULL	https://openalex.org/A5012348468	Robert C. Drewes	Robert C. Drewes	NULL	NULL	NULL
NULL	https://openalex.org/A5002799279	Robert C. Miller	Robert C. Miller	NULL	NULL	NULL
https://orcid.org/0000-0002-6889-4659	https://openalex.org/A5020774407	Robert D. Sayers	Robert Sayers	NULL	NULL	NULL
https://orcid.org/0000-0003-2752-7788	https://openalex.org/A5084928731	Robert Douglas Stone	R. Douglas Stone	NULL	NULL	NULL
https://orcid.org/0000-0002-1333-9893	https://openalex.org/A5031386126	Robert E. Hueter	Robert E Hueter	NULL	NULL	NULL
NULL	https://openalex.org/A5064901850	Robert E. Lovich	Robert E. Lovich	Research Associate	NULL	NULL
https://orcid.org/0000-0003-1347-9041	https://openalex.org/A5090842974	Robert G. Jenkins	Robert Jenkins	NULL	NULL	NULL
NULL	https://openalex.org/A5022094223	Robert J Bowman	Robert Bowman	NULL	NULL	NULL
NULL	https://openalex.org/A5025062065	Robert J. Van Syoc	Robert J. Van Syoc	NULL	NULL	NULL
https://orcid.org/0000-0002-6049-3180	https://openalex.org/A5052647034	Robert L. Brownell	Robert L. Brownell	NULL	NULL	NULL
NULL	https://openalex.org/A5052199355	Robert L. Usinger	Robert L. Usinger	NULL	NULL	NULL
NULL	https://openalex.org/A5027683704	Robert L. Zuparko	Robert L. Zuparko	NULL	NULL	NULL
NULL	https://openalex.org/A5021465377	Robert McSorley	Robert McSorley	NULL	NULL	NULL
NULL	https://openalex.org/A5018060434	Robert N. Lea	ROBERT N. LEA	Research Associate	NULL	NULL
NULL	https://openalex.org/A5020125684	Robert Rybczynski	Robert Rybczynski	NULL	NULL	NULL
NULL	https://openalex.org/A5071187671	Robert S. Ross	R. Ross	NULL	NULL	NULL
NULL	https://openalex.org/A5020621789	Robert T. Ore	Robert T. Ore	NULL	NULL	NULL
NULL	https://openalex.org/A5034123312	Robert T. Orr	Robert T. Orr	NULL	NULL	NULL
NULL	https://openalex.org/A5031665412	Robert V. Dowell	Robert V. Dowell	NULL	NULL	NULL
NULL	https://openalex.org/A5083898029	Robert Van Syoc	Robert Van Syoc	NULL	NULL	NULL
NULL	https://openalex.org/A5053223237	Roberta Ayres	Roberta Ayres	NULL	NULL	NULL
NULL	https://openalex.org/A5068626771	Robin Krebs	Robin Krebs	NULL	NULL	NULL
NULL	https://openalex.org/A5032046374	Robin Lawson	Robin Lawson	NULL	NULL	NULL
https://orcid.org/0000-0002-9462-7319	https://openalex.org/A5089274945	Rokiman Letsara	Rokiman Letsara	NULL	NULL	NULL
NULL	https://openalex.org/A5066670239	Rolf L. Aalbu	R.L. Aalbu	NULL	NULL	NULL
NULL	https://openalex.org/A5067387280	Ronald Garthwaite	R. L. Garthwaite	NULL	NULL	NULL
NULL	https://openalex.org/A5003162098	Ronald I. Crombie	Ronald I. Crombie	NULL	NULL	NULL
https://orcid.org/0000-0003-0086-7424	https://openalex.org/A5066573517	Rosemary G. Gillespie	Rosemary G. Gillespie	NULL	NULL	NULL
https://orcid.org/0000-0001-5020-6670	https://openalex.org/A5040908596	Roxanne Banker	Roxanne M. W. Banker	NULL	NULL	NULL
NULL	https://openalex.org/A5018667224	Roxie Esterle	Roxie Esterle	NULL	NULL	NULL
NULL	https://openalex.org/A5004055493	Roy L. Caldwell	Roy L. Caldwell	NULL	NULL	NULL
NULL	https://openalex.org/A5027026505	Ruthann Knudson	Ruthann Knudson	NULL	NULL	NULL
https://orcid.org/0000-0001-9288-7099	https://openalex.org/A5053193490	Ryan E. Hulett	Ryan E. Hulett	NULL	NULL	NULL
NULL	https://openalex.org/A5078665161	Ryan Schaeffer	Ryan Schaeffer	NULL	NULL	NULL
NULL	https://openalex.org/A5009486525	Ryan Wyatt	R. Wyatt	NULL	NULL	NULL
NULL	https://openalex.org/A5051473255	S. Bedard	S. Bedard	NULL	NULL	NULL
NULL	https://openalex.org/A5055585828	S. Sastry	S. Sastry	NULL	NULL	NULL
NULL	https://openalex.org/A5030127743	S. W. Anderson	Steven C. Anderson	NULL	NULL	NULL
NULL	https://openalex.org/A5005125919	S.R. Wynn	S.R. Wynn	NULL	NULL	NULL
NULL	https://openalex.org/A5059522991	Sam L. VanLandingham	Sam L. Vanlandingham	NULL	NULL	NULL
NULL	https://openalex.org/A5076842025	Sam Taylor	Sam Taylor	NULL	NULL	NULL
https://orcid.org/0000-0002-2786-8470	https://openalex.org/A5056389607	Samantha A. Donohoo	Samantha A Donohoo	NULL	NULL	NULL
https://orcid.org/0000-0002-5422-5120	https://openalex.org/A5029429769	Sándor Csősz	Sándor Csősz	NULL	NULL	NULL
https://orcid.org/0000-0003-0626-0770	https://openalex.org/A5082392771	Santiago Martín‐Bravo	Santiago Martín-Bravo	NULL	NULL	NULL
NULL	https://openalex.org/A5043559346	Sarah A. Soule	Sarah Soule	NULL	NULL	NULL
https://orcid.org/0000-0002-9787-7743	https://openalex.org/A5023294550	Sarah A. Spaulding	S.A. Spaulding	NULL	NULL	NULL
https://orcid.org/0000-0001-9360-6236	https://openalex.org/A5003997031	Sarah C. Crews	Sarah C. Crews	NULL	NULL	NULL
https://orcid.org/0000-0002-3125-6266	https://openalex.org/A5071872990	Sarah J. Jacobs	Sarah J Jacobs	NULL	NULL	NULL
https://orcid.org/0000-0002-5518-7541	https://openalex.org/A5054696030	Sarah Mathews	Sarah Mathews	NULL	NULL	NULL
NULL	https://openalex.org/A5012607089	Sarane T. Bowen	Sarane T. Bowen	NULL	NULL	NULL
NULL	https://openalex.org/A5036275419	Scott Burg	Scott Burg	NULL	NULL	NULL
NULL	https://openalex.org/A5034178639	Scott D. Sampson	Scott Sampson	NULL	NULL	NULL
NULL	https://openalex.org/A5046819662	Scott R. Loarie	Scott Loarie	NULL	NULL	NULL
NULL	https://openalex.org/A5021592111	Sean V. Edgerton	Sean V. Edgerton	NULL	NULL	NULL
https://orcid.org/0000-0003-0811-2309	https://openalex.org/A5004193757	Sebastian Salata	Sebastian Salata	NULL	NULL	NULL
NULL	https://openalex.org/A5064598728	Serena Chen	Serena Chen	NULL	NULL	NULL
NULL	https://openalex.org/A5092177620	Shaina G. Villalobos	Shaina G. Villalobos	NULL	NULL	NULL
NULL	https://openalex.org/A5051029757	Shannon N. Bennett	Shannon N. Bennett	NULL	NULL	NULL
https://orcid.org/0000-0001-8454-3755	https://openalex.org/A5058813555	Shannon Tushingham	Shannon Tushingham	Curator	Anthropology	NULL
https://orcid.org/0000-0002-4354-0133	https://openalex.org/A5071846308	Shayle B. Matsuda	Shayle B. Matsuda	NULL	NULL	NULL
NULL	https://openalex.org/A5003316170	Sheila Stasko-Concannon	Sheila Stasko-Concannon	NULL	NULL	NULL
NULL	https://openalex.org/A5072354328	Shelby L. Medina	Shelby L. Medina	NULL	NULL	NULL
NULL	https://openalex.org/A5048900906	Shelley A. Jones	S. A. Jones	NULL	NULL	NULL
NULL	https://openalex.org/A5087486897	Shireen J. Fahey	Shireen J. Fahey	NULL	NULL	NULL
https://orcid.org/0000-0001-5667-6876	https://openalex.org/A5054383105	Sonia L. Ghose	Sonia L. Ghose	NULL	NULL	NULL
NULL	https://openalex.org/A5060121937	Sophie Archambeault	Sophie L. Archambeault	NULL	NULL	NULL
NULL	https://openalex.org/A5088527540	Stanley Blum	Stanley D Blum	NULL	NULL	NULL
NULL	https://openalex.org/A5001699930	Stanley C. Williams	Stanley C. Williams	NULL	NULL	NULL
https://orcid.org/0000-0001-8447-8084	https://openalex.org/A5079223008	Stephen D. Busack	Stephen D. Busack	NULL	NULL	NULL
NULL	https://openalex.org/A5073061208	Stephen F. Bailey	Stephen F. Bailey	NULL	NULL	NULL
NULL	https://openalex.org/A5052583691	Stephen P. Samuel	Stephen P. Samuel	NULL	NULL	NULL
NULL	https://openalex.org/A5041486049	Steven Chen	Steven Chen	NULL	NULL	NULL
NULL	https://openalex.org/A5077778487	Steven Yong	Steven Yong	NULL	NULL	NULL
NULL	https://openalex.org/A5078993399	Stewart H. Madin	Stewart H. Madin	NULL	NULL	NULL
https://orcid.org/0000-0002-2274-1112	https://openalex.org/A5066308798	Stuart C. Willis	Stuart C. Willis	NULL	NULL	NULL
NULL	https://openalex.org/A5070552143	Stuart G. Poss	Stuart Poss	NULL	NULL	NULL
https://orcid.org/0000-0002-6437-3813	https://openalex.org/A5006441077	Susan Pemberton	Susan Pemberton	Curatorial Assistant	O&M	NULL
NULL	https://openalex.org/A5046865787	Susanne J. Lockhart	Susanne J. Lockhart	NULL	NULL	NULL
NULL	https://openalex.org/A5024886862	Susanne Lawrenz-Miller	Susanne Lawrenz-Miller	NULL	NULL	NULL
NULL	https://openalex.org/A5078924514	Suzanne Pierre	Suzanne Pierre	NULL	NULL	NULL
NULL	https://openalex.org/A5050559884	Sylvia A. Earle	Sylvia A. Earle	NULL	NULL	NULL
NULL	https://openalex.org/A5012437445	Sylvia Hope	Sylvia Hope	NULL	NULL	NULL
NULL	https://openalex.org/A5081507005	T. N. Freeman	T. N. Freeman	NULL	NULL	NULL
https://orcid.org/0000-0001-8954-0641	https://openalex.org/A5022333272	Tamás Szűts	Tamas Szuts	NULL	NULL	NULL
https://orcid.org/0000-0001-6110-9112	https://openalex.org/A5016326965	Tao Chen	Tao Chen	NULL	NULL	NULL
NULL	https://openalex.org/A5075258284	Ted Duncan	T.O. Duncan	NULL	NULL	NULL
NULL	https://openalex.org/A5008220566	Teri Barry	Teri Barry	NULL	NULL	NULL
https://orcid.org/0000-0002-3950-0243	https://openalex.org/A5018551266	Terrence M. Gosliner	Terrence M. Gosliner	NULL	NULL	NULL
https://orcid.org/0000-0002-4296-2940	https://openalex.org/A5050384820	Thierra K Nalley	Thierra K. Nalley	NULL	NULL	NULL
NULL	https://openalex.org/A5039981536	Thomas A. Grigliatti	Thomas A. Grigliatti	NULL	NULL	NULL
https://orcid.org/0000-0003-3015-2315	https://openalex.org/A5005921854	Thomas F. Daniel	T. F. Daniel	NULL	NULL	NULL
NULL	https://openalex.org/A5067673964	Thomas J. O’Shea	Thomas J. O'Shea	NULL	NULL	NULL
NULL	https://openalex.org/A5029593926	Thomas R. Tucker	Thomas Tucker	NULL	NULL	NULL
NULL	https://openalex.org/A5014721292	Tierney M. Thys	Tierney Thys	Research Associate	NULL	NULL
NULL	https://openalex.org/A5072079327	Timothy O. Osborne	Timothy O. Osborne	NULL	NULL	NULL
NULL	https://openalex.org/A5041369965	Tinya Hoang	Tinya Hoang	NULL	NULL	NULL
https://orcid.org/0000-0002-3138-1665	https://openalex.org/A5044093229	Todd J. Braje	Todd J. Braje	NULL	NULL	NULL
NULL	https://openalex.org/A5019263132	Tom Carlberg	Tom Carlberg	NULL	NULL	NULL
NULL	https://openalex.org/A5040768540	Tom M. Spight	Tom M. Spight	NULL	NULL	NULL
https://orcid.org/0000-0003-4116-1380	https://openalex.org/A5077779232	Tomio Iwamoto	T. Iwamoto	NULL	NULL	NULL
NULL	https://openalex.org/A5066330869	Tommaso C. Bulfone	Tommaso C. Bulfone	NULL	NULL	NULL
NULL	https://openalex.org/A5065650059	Tony Iwane	Tony Iwane	NULL	NULL	NULL
NULL	https://openalex.org/A5014605290	Tyler A. Y. Phelps	Tyler A. Y. Phelps	NULL	NULL	NULL
NULL	https://openalex.org/A5035984085	Tyson R. Roberts	Tyson R. Roberts	NULL	NULL	NULL
NULL	https://openalex.org/A5089706453	Valerie C. Clark	Valerie C. Clark	NULL	NULL	NULL
NULL	https://openalex.org/A5041013035	Valérie Rakotomalala	Valérie Rakotomalala	NULL	NULL	NULL
https://orcid.org/0000-0002-9682-1190	https://openalex.org/A5026229819	Vance T. Vredenburg	Vance T. Vredenburg	NULL	NULL	NULL
NULL	https://openalex.org/A5043258898	Vanessa Handley	Vanessa Handley	NULL	NULL	NULL
https://orcid.org/0000-0001-9415-1384	https://openalex.org/A5002026052	Vanessa L. Knutson	Vanessa L. Knutson	NULL	NULL	NULL
NULL	https://openalex.org/A5028200317	Veronica J. Sexton	Veronica J. Sexton	NULL	NULL	NULL
NULL	https://openalex.org/A5023357375	Victor A. Zullo	Victor A. Zullo	NULL	NULL	NULL
NULL	https://openalex.org/A5002933444	Victor Chow	Victor H.S. Chow	NULL	NULL	NULL
NULL	https://openalex.org/A5012700613	Vincent F. Lee	Vincent F. Lee	NULL	NULL	NULL
NULL	https://openalex.org/A5089898118	Viva Voong	Viva Voong	NULL	NULL	NULL
NULL	https://openalex.org/A5014314921	Vladimír Novák	V. J. A. Novák	NULL	NULL	NULL
NULL	https://openalex.org/A5090548106	W. Brian Simison	W. Brian Simison	NULL	NULL	NULL
NULL	https://openalex.org/A5080229623	W. I. Follett	W. I. Follett	NULL	NULL	NULL
NULL	https://openalex.org/A5035460271	W. J. Hamilton	William J. Hamilton	NULL	NULL	NULL
NULL	https://openalex.org/A5033321116	W. Morton Grant	William M. Grant	NULL	NULL	NULL
https://orcid.org/0000-0001-8057-4116	https://openalex.org/A5015816282	W. Scott Armbruster	W. Scott Armbruster	NULL	NULL	NULL
NULL	https://openalex.org/A5040959125	W. W. Sargeant	W. W. Sargeant	NULL	NULL	NULL
NULL	https://openalex.org/A5079328029	Wall Jd	Wall Jd	NULL	NULL	NULL
NULL	https://openalex.org/A5077018757	Wallace J. Nichols	W.J. Nichols	NULL	NULL	NULL
https://orcid.org/0000-0003-2391-2654	https://openalex.org/A5044909180	Walter S. Judd	Walter S. Judd	NULL	NULL	NULL
NULL	https://openalex.org/A5008295590	Walter Sheppe	Walter A. Sheppe	NULL	NULL	NULL
NULL	https://openalex.org/A5069960703	Warren E. Savary	Warren E Savary	NULL	NULL	NULL
NULL	https://openalex.org/A5073884431	Welton L. Lee	Welton L. Lee	NULL	NULL	NULL
https://orcid.org/0000-0003-4441-6203	https://openalex.org/A5018539367	Wendy Moore	Wendy Moore	NULL	NULL	NULL
NULL	https://openalex.org/A5075194348	Wilbert McLeod Chapman	Wilbert McLeod Chapman	NULL	NULL	NULL
NULL	https://openalex.org/A5036083367	William D. Shepard	William D. Shepard	NULL	NULL	NULL
NULL	https://openalex.org/A5035609409	William E. Evans	W. E. Evans	NULL	NULL	NULL
NULL	https://openalex.org/A5008798687	William F. Barr	William F. Barr	NULL	NULL	NULL
NULL	https://openalex.org/A5088938840	William Franklin Barbat	W.F Barbat	NULL	NULL	NULL
NULL	https://openalex.org/A5045439737	William J. Haugen Light	William J. H. Light	NULL	NULL	NULL
NULL	https://openalex.org/A5016946927	William J. Poly	William J. Poly	NULL	NULL	NULL
NULL	https://openalex.org/A5022432283	William N. Eschmeyer	W. Eschmeyer	NULL	NULL	NULL
NULL	https://openalex.org/A5052630960	William P. Elder	William P. Elder	NULL	NULL	NULL
NULL	https://openalex.org/A5000356909	William R. Charlesworth	William R. Charlesworth	NULL	NULL	NULL
NULL	https://openalex.org/A5049910670	William R. Shepherd	William Shepherd	NULL	NULL	NULL
NULL	https://openalex.org/A5041452882	Wojciech J Pulawski	Wojciech J. Pulawski	NULL	NULL	NULL
NULL	https://openalex.org/A5081751074	Woo-Chul Lee	W. L. Lee	NULL	NULL	NULL
NULL	https://openalex.org/A5024311430	X.-P. Wang	X.-P. Wang	NULL	NULL	NULL
NULL	https://openalex.org/A5027223091	Yolanda E. Camacho-García	Yolanda Camacho-García	NULL	NULL	NULL
https://orcid.org/0000-0002-2900-3331	https://openalex.org/A5018870681	Yuangeng Huang	Yuangeng Huang	Postdoc	Invertebrate Zoology & Geology	NULL
https://orcid.org/0000-0002-0210-7261	https://openalex.org/A5045209100	Zachary R Hanna	Zachary R. Hanna	NULL	NULL	NULL
https://orcid.org/0000-0002-0460-9791	https://openalex.org/A5022618195	Zeresenay Alemseged	Zeresenay Alemseged	NULL	NULL	NULL
NULL	https://openalex.org/A5087112265	Лев Манович	Lev Manovich	NULL	NULL	NULL
NULL	https://openalex.org/A5029219751	孝男 荒井	孝男 荒井	NULL	NULL	NULL