orcid,alexid,author_name,author_raw_name,role
,https://openalex.org/A5025804581,A. Gordon Smith,A. G. Smith,
,https://openalex.org/A5074437171,A. S. Loukashkin,Anatole S. Loukashkin,
https://orcid.org/0000-0001-6839-8025,https://openalex.org/A5018739374,Aaron M. Bauer,Aaron M. Bauer,
https://orcid.org/0000-0002-7051-8249,https://openalex.org/A5062512082,Aaron M. Goodman,Aaron Goodman,
,https://openalex.org/A5089172535,Aaron Pope,Aaron Pope,
,https://openalex.org/A5003814941,Adam J. Baldinger,A.J. Baldinger,
https://orcid.org/0000-0002-8829-2719,https://openalex.org/A5075964014,Adrian A. Barnett,Adrian A. Barnett,
https://orcid.org/0000-0002-5990-3381,https://openalex.org/A5030612844,Adrian Van Allen,Adrian Van Allen,
https://orcid.org/0000-0001-8152-7012,https://openalex.org/A5025625912,Alan Leviton,Alan E. Leviton,
,https://openalex.org/A5088506937,Alan W. Harvey,Alan W. Harvey,
,https://openalex.org/A5032939332,Alayah Densby,Alayah Densby,
,https://openalex.org/A5017776668,Albert D. Mahood,Albert D. Mahood,
https://orcid.org/0000-0001-9033-8272,https://openalex.org/A5032036549,Alejandra Hernández‐Agreda,Alejandra Hernandez-Agreda,
,https://openalex.org/A5030853611,Alejandro Acevedo,Alejandro Acevedo,
https://orcid.org/0000-0002-9128-826X,https://openalex.org/A5082283119,Alejandro Acevedo‐Gutiérrez,A. Acevedo-Gutiérrez,
,https://openalex.org/A5047969260,Alessandr Richardson-Beatty,Alessandr Richardson-Beatty,
https://orcid.org/0000-0002-1041-3189,https://openalex.org/A5045292507,Alessandra López,Alessandra Lopez,
,https://openalex.org/A5010428376,Alexandra M. Snyder,Alexandra M. Snyder,
,https://openalex.org/A5002074684,Alice Eastwood,Alice Eastwood,
https://orcid.org/0000-0002-2358-303X,https://openalex.org/A5004407993,Alison L. Gould,A. L. Gould,
https://orcid.org/0000-0001-8919-0661,https://openalex.org/A5041311769,Alison N. Young,Alison N. Young,
,https://openalex.org/A5086144281,Allen S. Weik,Allen Weik,
https://orcid.org/0000-0001-9154-8431,https://openalex.org/A5001002387,Allison Fritts-Penniman,Allison L. Fritts-Penniman,
,https://openalex.org/A5079282214,Allyn Goodwin Smith,Allyn G. Smith,
,https://openalex.org/A5063935118,Alma D. Saucedo,Alma D. Saucedo,
,https://openalex.org/A5045231889,Alyssa Bautista,Alyssa Bautista,
,https://openalex.org/A5072184778,Amelia Rosenman,Amelia Rosenman,
https://orcid.org/0000-0002-8298-8555,https://openalex.org/A5067256113,Ana Carolina Loss,Ana Carolina Loss,
https://orcid.org/0000-0002-1035-0923,https://openalex.org/A5021861891,Ana Gaisiner,Ana Gaisiner,
,https://openalex.org/A5053764497,Andrea B. Taylor,Andrea B Taylor,
https://orcid.org/0000-0002-9248-537X,https://openalex.org/A5047814434,Andrea Nickerson,Andrea D. Nickerson,
,https://openalex.org/A5064229470,Andrew S. Jensen,A. S. Jensen,
https://orcid.org/0000-0002-2347-4896,https://openalex.org/A5090590989,Ángel Valdés,Àngel Valdés,
,https://openalex.org/A5035289204,Angela Borges Martins,Angela B. Martins,
https://orcid.org/0000-0002-1838-4597,https://openalex.org/A5059428431,Ângelo F. Bernardino,A F Bernardino,
,https://openalex.org/A5035026439,Anita A. Suran,Anita A. Suran,
,https://openalex.org/A5028598484,Anna B. Sellas,Anna B. Sellas,
https://orcid.org/0000-0002-5963-8151,https://openalex.org/A5051971022,Anna Holmquist,Anna J Holmquist,
,https://openalex.org/A5081627953,Anne C. Cohen,Anne C. Cohen,
,https://openalex.org/A5056109967,Anne Frances Armstrong,Anne Frances Armstrong,
,https://openalex.org/A5005431107,Annette Gavigan,Annette Gavigan,
https://orcid.org/0000-0001-6935-485X,https://openalex.org/A5039221958,Annie E. Miller,Annie E. Miller,
,https://openalex.org/A5004972730,Anthea Carmichael,Anthea Carmichael,
,https://openalex.org/A5042981829,Anton E. Lawson,A. Lawson,
,https://openalex.org/A5040438007,Antônio José Piantino Ferreira,Antonio J. Ferreira,
https://orcid.org/0009-0002-8129-6167,https://openalex.org/A5078955584,Antony S. Harold,A. S. Harold,
,https://openalex.org/A5040983552,Ashley A. Dineen,Ashley A. Dineen,
,https://openalex.org/A5065576286,Athena Lam,Athena Lam,
,https://openalex.org/A5059987182,B. Duell,B. Duell,
,https://openalex.org/A5007057181,B.Randall Melton,Brenda Melton,
,https://openalex.org/A5089906496,Barbara B. DeWolfe,Barbara B. DeWolfe,
,https://openalex.org/A5012576968,Barry Roth,Barry Roth,
https://orcid.org/0000-0002-8918-1551,https://openalex.org/A5003436042,Bart Shepherd,Bart Shepherd,
,https://openalex.org/A5074520625,Barton Warren Evermann,Barton Warren Evermann,
,https://openalex.org/A5047235524,Ben W. Papermaster,Ben W. Papermaster,
,https://openalex.org/A5090129415,Benoı̂t Dayrat,Benoît Dayrat,
https://orcid.org/0000-0003-3051-745X,https://openalex.org/A5023482526,Bethany B. Moore,Beth Moore,
,https://openalex.org/A5014041637,Blake Edgar,Blake Edgar,
,https://openalex.org/A5083057919,Boni C. Cruz,Boni C. Cruz,
https://orcid.org/0000-0002-8961-9998,https://openalex.org/A5047747160,Bonnie B. Blaimer,Bonnie B. Blaimer,
,https://openalex.org/A5005533164,Brenna Green,Brenna Green,
,https://openalex.org/A5080295402,Brett C. Stearns,Brett C. Stearns,
,https://openalex.org/A5029324319,Brett D. Mensh,Brett Mensh,
,https://openalex.org/A5016328993,Brian E. Heterick,Brian E Heterick,
https://orcid.org/0000-0002-4653-3270,https://openalex.org/A5030257367,Brian L. Fisher,Brian L. Fisher,
https://orcid.org/0000-0002-6810-8435,https://openalex.org/A5024466635,Brian W. Bowen,Brian W. Bowen,
https://orcid.org/0000-0002-2267-3754,https://openalex.org/A5002647751,Bruce Alberts,Bruce Alberts,
,https://openalex.org/A5044387661,Bruce Bartholomew,Bruce Bartholomew,
https://orcid.org/0000-0002-8567-6135,https://openalex.org/A5001379735,Bruno David,Bruno David,
,https://openalex.org/A5071510096,Bruno Lomonte,Bruno Lomonte,
,https://openalex.org/A5056252359,Bryson Voirin,Bryson Voirin,
,https://openalex.org/A5045391982,C Carolina Valencia,Cindy Valencia,
,https://openalex.org/A5084474878,C. Andrews,C. Andrews,
,https://openalex.org/A5025216071,C. Binford Laurence,C. Binford Laurence,
,https://openalex.org/A5040686881,C. George Kuo,Camille Kuo,
,https://openalex.org/A5039800290,C. Rose Broome,C. Rose Broome,
https://orcid.org/0000-0003-4110-1249,https://openalex.org/A5074375774,Caio Ribeiro Pimentel,Caio R. Pimentel,
https://orcid.org/0000-0001-9424-4097,https://openalex.org/A5074349356,Caitlyn Rich,Caitlyn Rich,
https://orcid.org/0000-0001-5575-8263,https://openalex.org/A5046568718,Camilla Souto,Camilla Souto,
,https://openalex.org/A5081293603,Camille F. Nowell,Camille F. Nowell,
,https://openalex.org/A5022035066,Candice Meldrum,Candice Meldrum,
,https://openalex.org/A5057488859,Carissa Roseanna Shipman,Carissa Shipman,
,https://openalex.org/A5090082937,Carl J. Ferraris,Carl J. Ferraris,
,https://openalex.org/A5027595018,Carol M. Tang,Carol M. Tang,
https://orcid.org/0000-0002-8990-8597,https://openalex.org/A5066411095,Caroline Dubé,Caroline E Dubé,
,https://openalex.org/A5047186338,Carolyn D. Rathbun,C. D. Rathbun,
https://orcid.org/0000-0002-2979-6589,https://openalex.org/A5055130348,Carrie E. Seltzer,Carrie Seltzer,iNaturalist
,https://openalex.org/A5055253317,Catherine Julien,Catherine Julien,
,https://openalex.org/A5074271118,Catherine W. Mecklenburg,Catherine W. Mecklenburg,
,https://openalex.org/A5028228486,Chancey MacDonald,Chancey MacDonald,
,https://openalex.org/A5037419217,Changming Yin,Chang-Ming Yin,
https://orcid.org/0000-0001-8747-1101,https://openalex.org/A5013057116,Charles C. Davis,Charles C. Davis,
https://orcid.org/0000-0002-2036-6750,https://openalex.org/A5082751647,Charles D. Bell,Charles D. Bell,
,https://openalex.org/A5019278855,Charles D. Michener,Charles D. Michener,
,https://openalex.org/A5003714500,Charles E. Griswold,Charles E. Griswold,
,https://openalex.org/A5069527315,Charles E. Reed,C.E. Reed,
https://orcid.org/0000-0001-5462-0086,https://openalex.org/A5065925056,Charles F. Wilkinson,Christine E. Wilkinson,
,https://openalex.org/A5004914692,Cheryl Vanderbilt,Cheryl Vanderbilt,
https://orcid.org/0000-0003-2428-272X,https://openalex.org/A5038080397,Chris Andrews,Chris Andrews,
,https://openalex.org/A5078656327,Chris Wemmer,Chris Wemmer,
,https://openalex.org/A5085898853,Christina J. Slager,Christina Joie Slager,
,https://openalex.org/A5016070320,Christina Piotrowski,Christina Piotrowski,
,https://openalex.org/A5010509888,Christine Garcia,Christine Garcia,
https://orcid.org/0000-0002-2631-1021,https://openalex.org/A5081418680,Christine L. Huffard,Christine L. Huffard,Research Associate
,https://openalex.org/A5057926695,Christopher C. Grinter,Christopher C. Grinter,
,https://openalex.org/A5031931817,Christopher J. Raxworthy,Christopher J. Raxworthy,
https://orcid.org/0000-0002-0178-8237,https://openalex.org/A5014273324,Christopher L. Mah,Christopher L. Mah,
https://orcid.org/0000-0001-8069-6535,https://openalex.org/A5030223436,Claudia R. Rocha,C. Rocha,
,https://openalex.org/A5081621021,Clea Matson,Clea Matson,
,https://openalex.org/A5004613752,Clifford Ray Johnson,Clifford R. Johnson,
,https://openalex.org/A5082911418,Clive K. Catchpole,Clive K. Catchpole,
,https://openalex.org/A5013195452,Cornelius B. Philip,C.B. Philip,
,https://openalex.org/A5002644512,Corrie Saux,Corrie Saux,
https://orcid.org/0000-0001-6557-1881,https://openalex.org/A5077223530,Cristina Castillo,Cristina Castillo,
,https://openalex.org/A5004750161,Curtis J. Chinn,Curtis J. Chinn,
,https://openalex.org/A5039898898,Cynthia M. Morton,Cynthia M. Morton,
https://orcid.org/0000-0002-2264-4523,https://openalex.org/A5012439545,D. C. F. Rentz,David C. F. Rentz,
,https://openalex.org/A5076358840,D. J. Feener,D. J. Feener,
,https://openalex.org/A5079498833,D. John Faulkner,DJ Faulkner,
,https://openalex.org/A5041591531,D.A. Carrison,D.A. Carrison,
,https://openalex.org/A5057585932,Daniel H. Norris,Daniel H. Norris,
,https://openalex.org/A5007127465,Daniel Harder,D.K. Harder,
https://orcid.org/0000-0003-3518-7277,https://openalex.org/A5081119038,Daniel M. Portik,Daniel M. Portik,
,https://openalex.org/A5090771282,Daniela M. Durkin,Daniela M. Durkin,
https://orcid.org/0000-0002-1069-1808,https://openalex.org/A5074660992,Daniele Polotow,Daniele Polotow,
,https://openalex.org/A5061549399,Daphne G. Fautin,Daphne Gail Fautin,
https://orcid.org/0000-0003-0727-2829,https://openalex.org/A5034019669,Darin S. Penneys,Darin S. Penneys,
https://orcid.org/0000-0003-1739-5830,https://openalex.org/A5057414926,Darko D. Cotoras,Darko D. Cotoras,Research Associate
,https://openalex.org/A5052467785,Darrell Ubick,Darrell Ubick,
,https://openalex.org/A5013990107,Dave Catania,Dave Catania,
https://orcid.org/0000-0003-4604-8192,https://openalex.org/A5018184500,David A. Ebert,D A Ebert,Research Associate
,https://openalex.org/A5021034747,David A. Neely,David A. Neely,
https://orcid.org/0000-0002-0560-284X,https://openalex.org/A5075243549,David B. Catania,David B. Catania,
,https://openalex.org/A5037555325,David B. Richman,David B. Richman,
https://orcid.org/0000-0002-4840-6734,https://openalex.org/A5016158903,David B. Weissman,David B Weissman,
,https://openalex.org/A5003673689,David Bettman,David Bettman,
https://orcid.org/0000-0002-1810-9886,https://openalex.org/A5051961764,David C. Blackburn,David C. Blackburn,
,https://openalex.org/A5022554864,David C. Powell,David C. Powell,
https://orcid.org/0000-0003-0816-0124,https://openalex.org/A5087261803,David G. Long,David G. Long,
,https://openalex.org/A5057037639,David H. Kavanaugh,David H. Kavanaugh,
,https://openalex.org/A5080230973,David J. Morafka,D.J. Morafka,
,https://openalex.org/A5068161336,David J. Williams,David Williams,
https://orcid.org/0000-0002-7336-3334,https://openalex.org/A5036224704,David L. Wagner,David L. Wagner,
https://orcid.org/0000-0002-5597-6188,https://openalex.org/A5061477816,David McGuire,David McGuire,
,https://openalex.org/A5012589756,David Oldroyd,David Oldroyd,
https://orcid.org/0000-0002-8282-6660,https://openalex.org/A5075756241,David P. Adam,David P. Adam,
,https://openalex.org/A5011870780,David P. Mindell,David P. Mindell,
https://orcid.org/0000-0002-4183-2263,https://openalex.org/A5088317088,David R. Lindberg,David R. Lindberg,
,https://openalex.org/A5077304560,David R. Toren,DAVID R. TOREN,Research Associate
https://orcid.org/0000-0002-6794-7851,https://openalex.org/A5057783899,David Rivers,David B. Rivers,
,https://openalex.org/A5027628648,David W. Greenfield,"Greenfield, David W.",
,https://openalex.org/A5059898947,DavidP. Adam,DavidP. Adam,
,https://openalex.org/A5053349135,Dawn E. Peterson,Dawn E. Peterson,
,https://openalex.org/A5056512244,Debra K Trock,Debra K. Trock,
,https://openalex.org/A5004717391,Debra L. Koutnik,Debra L. Koutnik,
,https://openalex.org/A5015124686,Deise Cruz,Deise Cruz,
https://orcid.org/0000-0003-0783-1002,https://openalex.org/A5039615419,Denise J. Greig,Denise Greig,
,https://openalex.org/A5031616193,Dennis E. Breedlove,D. E. Breedlove,
https://orcid.org/0000-0002-0421-6437,https://openalex.org/A5014389817,Diana Gamba,Diana Gamba,
https://orcid.org/0000-0002-7371-099X,https://openalex.org/A5070835188,Diana Silva-Dávila,Diana Silva-Dávila,
,https://openalex.org/A5027421182,Didier Marchand,Didier Marchand,
,https://openalex.org/A5047271036,Dimitri Smirnoff,Dimitri Smirnoff,
,https://openalex.org/A5045012947,DJ Long,DJ Long,
,https://openalex.org/A5020169637,Dorothy K. Washburn,Dorothy K. Washburn,
,https://openalex.org/A5032808829,Douglas A. Bell,Douglas A. Bell,
https://orcid.org/0000-0002-6816-8040,https://openalex.org/A5062253836,Douglas J. Long,Douglas J. Long,
,https://openalex.org/A5042871049,Durrell D. Kapan,Durrell D. Kapan,
,https://openalex.org/A5056018970,Dylan O. Bürge,Dylan O. Burge,
,https://openalex.org/A5078569508,E. E. Miller,Edward E. Miller,
,https://openalex.org/A5005310764,E. P. Van Duzee,Edward P. Van Duzee,
,https://openalex.org/A5025334932,Earl S. Herald,Earl S. Herald,
,https://openalex.org/A5062458528,Eden Maloney,Eden Maloney,
,https://openalex.org/A5035098556,Edgar Orozco,Edgar Orozco,
https://orcid.org/0000-0001-5369-6329,https://openalex.org/A5067388483,Edward A. Myers,Edward  A. Myers,
https://orcid.org/0000-0001-5257-037X,https://openalex.org/A5070552206,Edward L. Stanley,Edward L. Stanley,
,https://openalex.org/A5062498358,Edward Laidlaw Smith,Edward Laidlaw Smith,
,https://openalex.org/A5052239102,Edward S. Ross,Edward S. Ross,
,https://openalex.org/A5076412127,Eleanor Visser,Eleanor Visser,
,https://openalex.org/A5089883773,Eleonora Peter,Peter E,
,https://openalex.org/A5072224638,Elisabeth Fourtanier,Elizabeth Fourtanier,
https://orcid.org/0000-0002-2279-6762,https://openalex.org/A5057621074,Elizabeth A. Babcock,Elizabeth Babcock,
https://orcid.org/0000-0001-6732-565X,https://openalex.org/A5059420211,Elizabeth J. Carlen,Elizabeth J. Carlen,
,https://openalex.org/A5029183919,Elizabeth J. Moore,Elizabeth J. Moore,
,https://openalex.org/A5083997533,Elizabeth Morrill,Elizabeth Morrill,
,https://openalex.org/A5065472859,Elizabeth Selna,Elizabeth Selna,
,https://openalex.org/A5043146367,Elkan J. Morris,Elkan J. Morris,
https://orcid.org/0000-0003-1054-7491,https://openalex.org/A5002065439,Elliott Smeds,ELLIOTT A. SMEDS,
https://orcid.org/0000-0002-0338-0892,https://openalex.org/A5069601950,Elora H. López-Nandam,Elora H. López-Nandam,
,https://openalex.org/A5040726739,Emily Magnaghi,Emily B. Magnaghi,
,https://openalex.org/A5028696897,Emma Chu,Emma Chu,
,https://openalex.org/A5070099251,Eric B. Peterson,Eric B. Peterson,
,https://openalex.org/A5033898834,Eric Garcia,Eric Garcia,
https://orcid.org/0000-0003-2457-0190,https://openalex.org/A5044510477,Erica J. Ely,Erica J. Ely,
,https://openalex.org/A5003763303,Erik Neff,E. E. Neff,
,https://openalex.org/A5019923430,Erika L. Garcia,Erika L Garcia,
,https://openalex.org/A5006835064,Eugene V. Coan,Eugene V. Coan,
,https://openalex.org/A5072729256,Eva Salas,Eva Salas,
,https://openalex.org/A5060603394,Evan W. Thomas,E. W. Thomas,
https://orcid.org/0000-0001-7603-3704,https://openalex.org/A5027760913,Eve Roman,E. D. Román,
,https://openalex.org/A5012968016,F.X. Williams,Francis X. Williams,
https://orcid.org/0000-0001-7348-143X,https://openalex.org/A5044415063,Fabián A. Michelangeli,Fabián A. Michelangeli,
https://orcid.org/0000-0001-9413-1949,https://openalex.org/A5021061251,Facundo M. Labarque,Facundo Martín Labarque,
https://orcid.org/0000-0002-5210-144X,https://openalex.org/A5049537746,Fernando Álvarez-Padilla,Fernando Alvarez-Padilla,
https://orcid.org/0000-0001-6613-1343,https://openalex.org/A5064170894,Flávia A. Esteves,Flavia A. Esteves,
,https://openalex.org/A5008861864,Francie H. Chu,Francie H. Chu,
,https://openalex.org/A5087958031,Francis J. Schmitz,Francis J. Schmitz,
,https://openalex.org/A5088251366,Francis X. Glennon,Francis X. Glennon,
https://orcid.org/0000-0003-4709-3083,https://openalex.org/A5046323804,Francisco Hita Garcia,Francisco Hita Garcia,
,https://openalex.org/A5018260650,Frank Al,Frank Al,
https://orcid.org/0000-0001-5091-6875,https://openalex.org/A5048353815,Frank Almeda,Frank. Almeda,
,https://openalex.org/A5027870601,Frank Cipriano,Frank Cipriano,
,https://openalex.org/A5075222507,Frank Collins Baker,Frank C. Baker,
,https://openalex.org/A5030308925,Frank E. Blaisdell,Frank E. Blaisdell,
,https://openalex.org/A5023937925,Frank Mace MacFarland,F. M. Macfarland,
,https://openalex.org/A5046139341,FrankE. Blaisdell,FrankE. Blaisdell,
https://orcid.org/0000-0001-5683-4985,https://openalex.org/A5077725591,Franklyn Cala-Riquelme,Franklyn Cala-Riquelme,
https://orcid.org/0009-0005-6772-3603,https://openalex.org/A5067310118,Fred Funk,Fred Funk,
,https://openalex.org/A5065359166,Fredric Frye,Fredric L. Frye,
,https://openalex.org/A5067432614,Freeland Dunker,Freeland Dunker,
,https://openalex.org/A5036159120,G. C. Farrington,Gregory C. Farrington,
,https://openalex.org/A5002412948,G. Duell,G. Duell,
,https://openalex.org/A5035379278,G. Ross Lindsay,George Lindsay,
https://orcid.org/0000-0002-8792-7719,https://openalex.org/A5082963672,Gabriela P. Camacho,Gabriela P. Camacho,
,https://openalex.org/A5016332945,Gabriella Garcia,Gabriella Garcia,
,https://openalex.org/A5081507688,Galen B. Rathbun,Galen B. Rathbun,
,https://openalex.org/A5070965914,Garth I. Murphy,Garth I. Murphy,
https://orcid.org/0000-0003-0606-3005,https://openalex.org/A5065297708,Gary C. Williams,Gary C. Williams,
,https://openalex.org/A5022098788,Gary D. Ouellette,Gary D. Ouellette,
,https://openalex.org/A5040237816,Gary L. Williams,G. Williams,
https://orcid.org/0000-0003-4090-7179,https://openalex.org/A5072098158,Gary Li,Gary Li,
,https://openalex.org/A5065243549,Georg Fischer,Georg Fischer,
,https://openalex.org/A5019503580,George C. Blasiola,G. C. Blasiola,
,https://openalex.org/A5062857202,George Chaplin,George Chaplin,
,https://openalex.org/A5030201941,George W. Bunton,George W. Bunton,
,https://openalex.org/A5069988214,Gerald B. Pier,Gerald B. Pier,
,https://openalex.org/A5018900538,Gila Hanna,G. Dallas Hanna,
https://orcid.org/0000-0001-9325-922X,https://openalex.org/A5077194360,Gilberto Ocampo,Gilberto Ocampo,
https://orcid.org/0000-0003-1494-9017,https://openalex.org/A5077137383,Giovanni Rapacciuolo,Giovanni Rapacciuolo,
https://orcid.org/0000-0002-0368-3391,https://openalex.org/A5087724918,Gopinathan K. Menon,Gopinathan K. Menon,Fellow
https://orcid.org/0000-0002-4691-1913,https://openalex.org/A5074586413,Graham Short,Graham Short,
,https://openalex.org/A5031575968,Greg de Nevers,Greg de Nevers,
,https://openalex.org/A5077998627,Greg Riggio,Greg Riggio,
https://orcid.org/0000-0001-8790-2610,https://openalex.org/A5082392356,Gregory F.M. Jongsma,Gregory F.M. Jongsma,
https://orcid.org/0000-0003-2898-389X,https://openalex.org/A5074947120,Guilherme H. F. Azevedo,Guilherme H F Azevedo,
,https://openalex.org/A5090189320,H. S. Swarth,Harry S. Swarth,
,https://openalex.org/A5026723745,H. W. Clark,H. Walton Clark,
,https://openalex.org/A5055778445,Hanna Gd,Hanna Gd,
https://orcid.org/0000-0001-7214-8272,https://openalex.org/A5047289308,Hannah E. Epstein,Hannah E Epstein,
https://orcid.org/0000-0003-0453-2699,https://openalex.org/A5020124541,Hannah M. Wood,Hannah Marie Wood,
,https://openalex.org/A5089693507,Harriet B. Creighton,Harriet B. Creighton,
,https://openalex.org/A5085292073,Harriet Exline,Harriet Exline,
,https://openalex.org/A5035747064,Healy Hamilton,H. Hamilton,
,https://openalex.org/A5080071143,Heidi E. Robeck,Heidi E. Robeck,
,https://openalex.org/A5019677932,Henderson Jb,Henderson Jb,
https://orcid.org/0000-0001-5069-8601,https://openalex.org/A5028292009,Henrik Krehenwinkel,Henrik Krehenwinkel,
,https://openalex.org/A5012494885,Henrique Lazzarotto,Henrique Lazzarotto,
,https://openalex.org/A5080736258,Henry Taabor,Henry Taabor,
,https://openalex.org/A5006763968,Herbert G. Lebherz,Herbert G. Lebherz,
,https://openalex.org/A5064030782,Heritiana Ranarivelo,Heritiana Ranarivelo,
,https://openalex.org/A5000879214,Hildegarde Howard,Hildegarde Howard,
https://orcid.org/0000-0002-3143-1474,https://openalex.org/A5011674962,Hudson T. Pinheiro,Hudson Tercio Pinheiro,Research Associate
,https://openalex.org/A5019853729,Hugh B. Leech,Hugh B. Leech,
,https://openalex.org/A5014867892,I Edward Miller,I Edward Miller,
,https://openalex.org/A5053226740,I Robin Lawson,I Robin Lawson,
https://orcid.org/0000-0001-7580-9208,https://openalex.org/A5073800371,I. M. Sokolov,Igor M. Sokolov,
https://orcid.org/0000-0002-3749-2884,https://openalex.org/A5070762803,Ian Campbell,Ian Campbell,
,https://openalex.org/A5001545828,Iria Fernández-Silva,I. Fernandez-Silva,
https://orcid.org/0000-0003-3575-6003,https://openalex.org/A5090327208,Isaac H. Lichter‐Marck,ISAAC H. LICHTER-MARCK,
https://orcid.org/0000-0001-8614-6892,https://openalex.org/A5080090882,Isaac Overcast,Isaac Overcast,
,https://openalex.org/A5073523026,Isabel A. Matteo,Isabel A. Matteo,Center for Exploration and Travel Health
,https://openalex.org/A5040484554,Isidore Szczepaniak,Isidore Szczepaniak,
,https://openalex.org/A5058819175,J. Berlioz,J. Berlioz,
,https://openalex.org/A5004453522,J. C. Turnier,J. C. Turnier,
,https://openalex.org/A5009021422,J. Charles Delbeek,J. Charles Delbeek,
,https://openalex.org/A5077946265,J. Dan Webster,J. Dan Webster,
,https://openalex.org/A5058073510,J. Grinnell,J. Grinnell,
,https://openalex.org/A5002090084,J. K. Harris,Jennifer K. Harris,
,https://openalex.org/A5007850139,J. Linsley Gressitt,J. Linsley Gressitt,
,https://openalex.org/A5037984976,J. R. Schubel,Jerry R. Schubel,
,https://openalex.org/A5063636505,J. Stuart Rowley,J. Stuart Rowley,
,https://openalex.org/A5038639677,J. W. Hedgpeth,J. W. Hedgpeth,
,https://openalex.org/A5060311549,JÃ©rÃ ́me Fuchs,JÃ©rÃ´me Fuchs,
,https://openalex.org/A5062507608,Jack Dumbacher,Jack Dumbacher,
https://orcid.org/0000-0001-9230-9774,https://openalex.org/A5012646249,Jacob A. Gorneau,Jacob A. Gorneau,
,https://openalex.org/A5026872649,Jacqueline Schonewald,Jacqueline Schonewald,
https://orcid.org/0000-0003-4776-2574,https://openalex.org/A5026527059,Jacques A. Gauthier,Jacques Gauthier,
https://orcid.org/0000-0003-0679-2603,https://openalex.org/A5037918506,Jaime A. Chaves,Jaime A. Chaves,
,https://openalex.org/A5064058312,James Angus Chandler,James Angus Chandler,
https://orcid.org/0000-0003-4086-9643,https://openalex.org/A5025538521,James C. Kelley,James C. Kelley,
,https://openalex.org/A5077307236,James D. Nations,J.D Nations,
,https://openalex.org/A5073172955,James E. Wetzel,James E. Wetzel,
https://orcid.org/0000-0001-5058-9499,https://openalex.org/A5032859215,James F. Parham,James F. Parham,
,https://openalex.org/A5082944896,James Henderson,James B. Henderson,
,https://openalex.org/A5079696018,James Moffitt,James Moffitt,
,https://openalex.org/A5015477194,James P. Bogart,J. P. Bogart,
,https://openalex.org/A5037793417,James P. O’Brien,James P. O’Brien,
https://orcid.org/0000-0003-1283-0709,https://openalex.org/A5070141501,James R. Shevock,James R. Shevock,
,https://openalex.org/A5021925833,James V Lawry,James V Lawry,
,https://openalex.org/A5012355136,James V. Lawry,James Lawry,
,https://openalex.org/A5041926196,Jane Goodall,Jane Goodall,
,https://openalex.org/A5063063305,Jaranthada Karnasuta,Jaranthada Karnasuta,
,https://openalex.org/A5070654541,Jason R. Brooks,Jason R. Brooks,Research Associate
,https://openalex.org/A5081737039,Javier A. Ceja-Navarro,Javier A. Ceja-Navarro,
https://orcid.org/0000-0003-4534-9997,https://openalex.org/A5035519215,Jayanthi Puniamoorthy,Jayanthi Puniamoorthy,
,https://openalex.org/A5033269288,Jean Claude Rakotonirina,Jean Claude Rakotonirina,
,https://openalex.org/A5011339715,Jean F. DeMouthe,Jean F. DeMouthe,
https://orcid.org/0000-0001-8987-5521,https://openalex.org/A5058202160,Jean Kleber de Abreu Mattos,Jean Mattos,
,https://openalex.org/A5085540639,Jean‐Paul A. Hobbs,Jean-Paul A. Hobbs,
,https://openalex.org/A5075203446,Jeffery A. Wilkinson,Jeffery A Wilkinson,
https://orcid.org/0000-0001-5066-1235,https://openalex.org/A5058655038,Jeffrey D. Wall,Jeffrey D Wall,Research Associate
,https://openalex.org/A5046162332,Jei Ying Chen,Jei Ying Chen,
,https://openalex.org/A5060458073,Jei-Ying Chen,Jei-Ying Chen,
https://orcid.org/0000-0002-9041-915X,https://openalex.org/A5026134316,Jennifer A. Hoey,Jennifer A Hoey,
,https://openalex.org/A5056398127,Jennifer Michael,Jennifer Michael,
,https://openalex.org/A5030334499,Jens V. Vindum,Jens V. Vindum,
,https://openalex.org/A5056624857,Jere S. Schweikert,Jere Schweikert,
https://orcid.org/0000-0001-8918-9775,https://openalex.org/A5004076257,Jeremy A. Miller,J.A. Miller,
,https://openalex.org/A5061795178,Jerold M. Lowenstein,Jerold M. Lowenstein,
https://orcid.org/0000-0003-1972-0078,https://openalex.org/A5035058135,Jérôme Fuchs,Jérôme Fuchs,
,https://openalex.org/A5058115756,Jessica J. Jang,"Jang, Jessica J.",Research Associate
,https://openalex.org/A5061449277,Jim Henderson,Jim Henderson,
,https://openalex.org/A5025693387,Jim Shevock,Jim Shevock,
,https://openalex.org/A5042777991,Jocelyn B. Garovoy,Jocelyn B. Garovoy,
,https://openalex.org/A5074301898,Joe Rubenstein,J. Rubenstein,
,https://openalex.org/A5043534515,Joel M. Ledford,Joel Ledford,
https://orcid.org/0000-0002-5741-3792,https://openalex.org/A5000748221,Johanna Camila Gijsbers,Johanna C. Gijsbers,
,https://openalex.org/A5007124446,John E. Cadle,John E. Cadle,
,https://openalex.org/A5058436671,John E. McCosker,John E. McCosker,
,https://openalex.org/A5026254549,John E. Randall,John E. Randall,
https://orcid.org/0000-0002-8942-1383,https://openalex.org/A5053646238,John E. Simmons,John E. Simmons,
,https://openalex.org/A5032500606,John J. Holleman,John J. Holleman,
https://orcid.org/0000-0002-6182-2505,https://openalex.org/A5012631297,John L. Boyette,John L. Boyette,
,https://openalex.org/A5061751254,John L. Carr,John L. Carr,
,https://openalex.org/A5017857209,John Nichols,John Treadwell Nichols,
,https://openalex.org/A5032879103,John P. Dumbacher,John P. Dumbacher,
https://orcid.org/0000-0001-9824-7164,https://openalex.org/A5068057510,John Patrick Kociolek,J.P. Kociolek,
https://orcid.org/0000-0002-6360-5512,https://openalex.org/A5070589951,John R. Spence,John R. Spence,Research Associate
,https://openalex.org/A5085418742,John S. Pearse,John S. Pearse,
,https://openalex.org/A5049164013,John Thomas Howell,John Thomas Howell,
,https://openalex.org/A5054419734,John Wooley,John Wooley,
,https://openalex.org/A5060986847,Jon D. Fong,Jon D. Fong,
,https://openalex.org/A5017776379,Jonathan A. Foley,Jonathan A. Foley,
https://orcid.org/0000-0002-8327-3703,https://openalex.org/A5072736258,Jong Hwan Kwak,Jong Hwan Kwak,
,https://openalex.org/A5091797033,Jorge A. Angulo-Valdés,Jorge Alberto Angulo-Valdés,
https://orcid.org/0000-0002-7856-0433,https://openalex.org/A5059159047,José Manuel Fragoso,José M. V. Fragoso,Research Associate
https://orcid.org/0000-0002-3748-8084,https://openalex.org/A5074828371,José Marı́a Gutiérrez,José María Gutiérrez,
,https://openalex.org/A5022422899,Joseph B. Slowinski,Joseph B. Slowinski,
,https://openalex.org/A5026396674,Joseph D. DiBattista,Joseph D. DiBattista,
,https://openalex.org/A5010129775,Joseph Evans,Joseph Evans,
,https://openalex.org/A5068371826,Joseph G. Hall,Joseph G. Hall,
https://orcid.org/0000-0002-9771-9331,https://openalex.org/A5019535042,Joseph Ho,Jiajer Ho,
,https://openalex.org/A5091065955,Joseph Mailliard,Joseph Mailliard,
,https://openalex.org/A5072865098,Joseph Russack,Joseph Russack,
https://orcid.org/0000-0003-4147-4037,https://openalex.org/A5071381812,Joshua M. Hallas,Joshua M. Hallas,
https://orcid.org/0000-0002-7258-1700,https://openalex.org/A5035425184,Juan Carlos Pérez‐Jiménez,Juan Carlos Pérez-Jiménez,
,https://openalex.org/A5091898886,Julie Packard,Julie Packard,
,https://openalex.org/A5006600095,K. Markello,K. Markello,
,https://openalex.org/A5014969942,Karim Quesada-Khoury,Karim Quesada-Khoury,
,https://openalex.org/A5048048487,Karl H. Switak,Karl H. Switak,
https://orcid.org/0000-0002-3233-8917,https://openalex.org/A5026692495,Karl‐Ludwig Schuchmann,Karl-L. Schuchmann,
,https://openalex.org/A5075803629,Kasia Stachura-Suchoples,Kasia Stachura-Suchoples,
,https://openalex.org/A5070306610,Kate S. Freeman,Kate S. Freeman,
https://orcid.org/0000-0001-6679-0066,https://openalex.org/A5069193892,Katharine Prata,Katharine E. Prata,
https://orcid.org/0000-0002-1635-5485,https://openalex.org/A5034447627,Katherine E. Wenzell,Katherine E Wenzell,
https://orcid.org/0000-0001-8219-1119,https://openalex.org/A5048810646,Katherine O. Montana,Katherine O Montana,
,https://openalex.org/A5070207371,Kathleen A. Campbell,Kathleen A. Campbell,
,https://openalex.org/A5060866296,Kathleen A. Kron,Kathleen A. Kron,
https://orcid.org/0000-0002-8762-1314,https://openalex.org/A5047773540,Kathryn Kazuko High,Kathryn K. High,
,https://openalex.org/A5068762089,Kathy Sherfey,Kathy Sherfey,
,https://openalex.org/A5040696237,Kay E. Holekamp,Kay E. Holekamp,
https://orcid.org/0000-0002-8283-7052,https://openalex.org/A5061320601,Keith M. Bayless,Keith M. Bayless,
,https://openalex.org/A5037496342,Ken Ackerman,Ken Ackerman,
https://orcid.org/0000-0001-7147-2054,https://openalex.org/A5090716679,Kenneth D. Angielczyk,Kenneth D. Angielczyk,
,https://openalex.org/A5048162895,Kenneth I. Warheit,K. I. Warheit,
,https://openalex.org/A5064262943,Kenneth J. Sytsma,Kenneth J Sytsma,
,https://openalex.org/A5030972261,Kenneth Kellman,Kenneth M. Kellman,
,https://openalex.org/A5033804161,Kerry L. Heise,Kerry Heise,
https://orcid.org/0000-0002-5610-9262,https://openalex.org/A5012365378,Kevin A. Feldheim,Kevin A. Feldheim,
,https://openalex.org/A5053707284,Kevin D. Wiseman,Kevin D. Wiseman,
https://orcid.org/0000-0001-9165-3522,https://openalex.org/A5033204971,Kevin de Queiroz,Kevin de Queiroz,
https://orcid.org/0000-0003-2169-9626,https://openalex.org/A5010732431,Kim Bassos‐Hull,Kimbrough Bassos-Hull,
,https://openalex.org/A5018105091,Kim E. Steiner,K. E. Steiner,
,https://openalex.org/A5028982687,Kristen Cella,Kristen Cella,
https://orcid.org/0000-0002-5725-7486,https://openalex.org/A5045765205,Kristin B. Byrd,Kristin B. Byrd,
https://orcid.org/0000-0001-9755-3223,https://openalex.org/A5043027896,Kristy Deiner,Kristy Deiner,
,https://openalex.org/A5015784883,Kylie Lev,Kylie Lev,
,https://openalex.org/A5067891651,L. J. Tolmach,L. J. Tolmach,
https://orcid.org/0000-0001-8476-2851,https://openalex.org/A5068711589,Lana Krol,Lana Krol,
,https://openalex.org/A5008162015,Lau- Ren Scheinberg,"Scheinberg, Lau- Ren",
,https://openalex.org/A5091878371,Laura Herszenhorn,Laura Herszenhorn,
,https://openalex.org/A5000875536,Laura Lee Wilkinson,Laura Wilkinson,
,https://openalex.org/A5079031075,Laura Smale,Laura Smale,
https://orcid.org/0000-0002-5514-7486,https://openalex.org/A5081138538,Lauren A. Esposito,Lauren Esposito,
,https://openalex.org/A5000146502,Lauren A. Scheinberg,Lauren A. Scheinberg,
,https://openalex.org/A5029529069,Leah Kalish,Leah Kalish,
,https://openalex.org/A5022904017,Leo G. Hoevers,L. G. Hoevers,
,https://openalex.org/A5015019312,Leo George Hertlein,Leo George Hertlein,
,https://openalex.org/A5070481648,Leonard J. V. Compagno,Leonard J. V. Compagno,
https://orcid.org/0000-0002-3809-9865,https://openalex.org/A5034549410,Leslie R. Landrum,Leslie R. Landrum,
,https://openalex.org/A5043932992,Leverett M. Loomis,Leverett Mills Loomis,
,https://openalex.org/A5049991846,Lewis Petrinovich,Lewis Petrinovich,
,https://openalex.org/A5047888450,Lihua Zhou,L. H. Zhou,
,https://openalex.org/A5047951622,Lina M. Almeida-Silva,Lina M. Almeida-Silva,
,https://openalex.org/A5013635394,Linda Novitski,Linda Novitski,
,https://openalex.org/A5012433410,Linda S. Cordell,Linda S. Cordell,
https://orcid.org/0000-0003-1539-5829,https://openalex.org/A5078540917,Lindzy Bivings,Lindzy Bivings,
,https://openalex.org/A5013451144,Lisa Larkin,Lisa Larkin,
,https://openalex.org/A5053753873,Logan Kahle,Logan Q. Kahle,
,https://openalex.org/A5060965537,Louie Marincovich,Louie Marincovich,
https://orcid.org/0000-0001-9632-1519,https://openalex.org/A5009586997,Luciann Heeg,Luciann Heeg,
,https://openalex.org/A5041127141,Luis F. Baptista,Luis Felipe Baptista,Research Associate
https://orcid.org/0000-0002-0591-9978,https://openalex.org/A5034571861,Luis M. P. Ceríaco,Luis M. P. Ceríaco,
https://orcid.org/0000-0003-4011-569X,https://openalex.org/A5072677791,Luiz A. Rocha,L. A. Rocha,
https://orcid.org/0000-0002-9189-6820,https://openalex.org/A5029079542,Lynn J. Bonomo,Lynn J. Bonomo,
https://orcid.org/0000-0002-3279-7689,https://openalex.org/A5050892228,Lynne R. Parenti,Lynne R. Parenti,
,https://openalex.org/A5066051665,M E Mclellan Davidson,M. E. Davidson,
,https://openalex.org/A5046844132,M. A. Prentice,Michael A. Prentice,
,https://openalex.org/A5062130702,M. D. Lowman,M. Lowman,
,https://openalex.org/A5087668023,M. Elliott Jessup,M. E. Jessup,
,https://openalex.org/A5073546707,M. Eric Anderson,M. Eric Anderson,
,https://openalex.org/A5065995975,M. J. Largen,M. J. Largen,
https://orcid.org/0000-0003-0204-5440,https://openalex.org/A5018203952,M. P. Jones,Maia M. Jones,
,https://openalex.org/A5005297083,M. T. Ghiselin,MT Ghiselin,
,https://openalex.org/A5008283881,M. Tandy,M. Tandy,
,https://openalex.org/A5003754787,M.R. Jennings,Mark R. Jennings,Aquarium
,https://openalex.org/A5012028814,Madison H. Hansen,Madison H. Hansen,
,https://openalex.org/A5014531037,Malcolm R. Miller,Malcolm R. Miller,
,https://openalex.org/A5072591958,Malcolm Telford,M. Telford,
https://orcid.org/0000-0002-7012-2420,https://openalex.org/A5037527944,Man‐Chiu Poon,Man-Chiu Poon,
https://orcid.org/0000-0001-6822-7269,https://openalex.org/A5047096670,Manuel Luján,Manuel Luján,
https://orcid.org/0000-0002-1958-7687,https://openalex.org/A5041153173,Marc A. Webber,Marc A. Webber,Research Associate
,https://openalex.org/A5019591032,Marcel T. Kouete,M T Kouete,
https://orcid.org/0000-0002-7374-4890,https://openalex.org/A5004665721,Marcel van Tuinen,Marcel van Tuinen,
,https://openalex.org/A5014786207,Marcela Alvear,Marcela Alvear,
,https://openalex.org/A5022049816,Margaret Burke,Margaret Burke,
,https://openalex.org/A5041698114,Margaret D. Lowman,Margaret Lowman,
,https://openalex.org/A5000251930,Mariana Padrón,M. Padron,
,https://openalex.org/A5010270118,Maricela Abarca,"Abarca, Maricela",
,https://openalex.org/A5092693379,Marion Richardson-Beatty,Marion Richardson-Beatty,
,https://openalex.org/A5040654750,Mark C. Swanson,M.C. Swanson,
https://orcid.org/0000-0003-1482-0109,https://openalex.org/A5045383940,Mark S. Harvey,Mark S Harvey,
https://orcid.org/0000-0002-3644-8347,https://openalex.org/A5065288345,Mark V. Erdmann,Mark V. Erdmann,Research Associate
https://orcid.org/0000-0003-0518-346X,https://openalex.org/A5086078311,Marta Pola,Marta Pola,
,https://openalex.org/A5026410613,Martin L. Morton,Martin L. Morton,
,https://openalex.org/A5062994010,Mary E. McLellan,Mary E. McLellan,
,https://openalex.org/A5054408936,Mary Hyde Tarail,Mary Hyde Tarail,
,https://openalex.org/A5057752657,Matt Wandell,Matt Wandell,
,https://openalex.org/A5040191259,Matthew E. Durnin,Matthew E. Durnin,
https://orcid.org/0000-0002-7473-9727,https://openalex.org/A5011880331,Matthew H. Van Dam,Matthew H. Van Dam,
,https://openalex.org/A5005475552,Matthew Hoard,Matthew Hoard,
https://orcid.org/0000-0003-4480-9891,https://openalex.org/A5050471216,Matthew R. Lewin,Matthew R. Lewin,Fellow
,https://openalex.org/A5066210353,Matthew T. Craig,Matthew T. Craig,
,https://openalex.org/A5040221608,Maureen E. Flannery,Maureen Flannery,
,https://openalex.org/A5016670397,Mauritius V. Bell,Mauritius V. Bell,
,https://openalex.org/A5004471434,Maxine Zylberberg,Maxine Zylberberg,
,https://openalex.org/A5023346735,Melony L. Walsh,Melony L. Walsh,
https://orcid.org/0000-0002-9644-1761,https://openalex.org/A5031999472,Michael A. Murphy,Michael A. Murphy,
,https://openalex.org/A5058544648,Michael D. Lagios,Michael D. Lagios,
,https://openalex.org/A5077425303,Michael J. Moratto,Michael J. Moratto,
,https://openalex.org/A5031464574,Michael Russell,Michael P. Russell,
,https://openalex.org/A5044745974,Michael S. Engel,M. Engel,
https://orcid.org/0000-0001-6096-6315,https://openalex.org/A5014256559,Michael S. Ignatov,Michael S. Ignatov,
,https://openalex.org/A5017624547,Michael Schaadt,Michael Schaadt,
,https://openalex.org/A5047701183,Michael T. Ghiselin,Michael T. Ghiselin,
,https://openalex.org/A5021318403,Michele Bouvier,Michele Bouvier,
https://orcid.org/0000-0001-6390-7177,https://openalex.org/A5086409053,Michelle Achlatis,Michelle Achlatis,
https://orcid.org/0000-0002-0371-5621,https://openalex.org/A5090494404,Michelle R. Gaither,M. R. Gaither,
https://orcid.org/0000-0003-0410-722X,https://openalex.org/A5016955064,Michelle S. Koo,Michelle S. Koo,
,https://openalex.org/A5010582700,Michelle Trautwein,Michelle Trautwein,
https://orcid.org/0000-0002-8301-1340,https://openalex.org/A5077248280,Miguel Fernández,Miguel Fernández,
,https://openalex.org/A5051661381,Mikael Härlin,Mikael Härlin,
,https://openalex.org/A5071202963,Mike Schmitt,Mike Schmitt,
https://orcid.org/0000-0003-1468-5541,https://openalex.org/A5014597030,Minoru Yoshimura,Masashi Yoshimura,
,https://openalex.org/A5020195784,Misha Leong,Misha Leong,
,https://openalex.org/A5078961969,Moe Flannery,Moe Flannery,
https://orcid.org/0000-0002-3236-8403,https://openalex.org/A5027308323,Moisés A. Bernal,M. A. Bernal,
,https://openalex.org/A5018685634,Molli M. MacDonald,Molli M. MacDonald,
,https://openalex.org/A5047067006,Mona Bourell,Mona Bourell,
https://orcid.org/0000-0001-9633-7342,https://openalex.org/A5045829203,Monica McDonald,Monica M. McDonald,
,https://openalex.org/A5079813897,N. Brunwin,N. Brunwin,
https://orcid.org/0000-0002-4049-3941,https://openalex.org/A5084346787,N. Dean Pentcheff,Dean Pentcheff,
,https://openalex.org/A5079782728,N. L. Sinai,N. L. Sinai,
,https://openalex.org/A5076382742,Nancy Bronstein,"Bronstein, Nancy",
,https://openalex.org/A5061090287,Natalie H. N. Low,Natalie H.N. Low,
https://orcid.org/0000-0002-0221-9650,https://openalex.org/A5048415233,Nathalie S. Nagalingum,Nathalie S. Nagalingum,
,https://openalex.org/A5078918138,Neal Ramus,Neal Ramus,
,https://openalex.org/A5085644438,Neil E. Fahy,Neil E. Fahy,
,https://openalex.org/A5076197403,Nicholas G. Crawford,Nicholas G. Crawford,
https://orcid.org/0000-0002-8698-7656,https://openalex.org/A5057189098,Nicholas J. Matzke,Nicholas J. Matzke,
,https://openalex.org/A5070565241,Nigella Hillgarth,Nigella Hillgarth,
https://orcid.org/0000-0001-7644-874X,https://openalex.org/A5009978269,Nina G. Jablonski,Nina G Jablonski,
,https://openalex.org/A5022480963,Nina L. Baghai,Nina L. Baghai,
,https://openalex.org/A5053149510,Nir L. Gil‐ad,Nir L. Gil-ad,
https://orcid.org/0000-0001-8974-0301,https://openalex.org/A5035775363,Norah P. Saarman,Norah P. Saarman,
,https://openalex.org/A5042494871,Norman D. Penny,Norman D. Penny,
https://orcid.org/0000-0001-5228-9940,https://openalex.org/A5069808908,Oleksandr Zinenko,Oleksandr Zinenko,
,https://openalex.org/A5017094041,Ore Carmi,Ore Carmi,
,https://openalex.org/A5064589616,Otto M. Sokol,O. M. Sokol,
,https://openalex.org/A5012505885,P. Christiaan Klieger,P. Christiaan Klieger,
https://orcid.org/0000-0001-7391-7133,https://openalex.org/A5070597935,Palatty Allesh Sinu,Palatty Allesh Sinu,
https://orcid.org/0000-0001-9116-5350,https://openalex.org/A5007961446,Panpim Thongsripong,Panpim Thongsripong,
https://orcid.org/0000-0002-4963-2696,https://openalex.org/A5065434828,Patrícia Morales,Patricia Morales,
https://orcid.org/0000-0002-7048-2514,https://openalex.org/A5025013830,Paul E. Marek,Paul E. Marek,
,https://openalex.org/A5035425284,Paul H. Arnaud,Paul H. Arnaud,
,https://openalex.org/A5060307523,Paul S. Matsumoto,Paul S. Matsumoto,
,https://openalex.org/A5026199574,Pelin Yilmaz,Pelin Yilmaz,
,https://openalex.org/A5089148408,Penny Jennings,Penny Jennings,
https://orcid.org/0000-0003-1418-734X,https://openalex.org/A5026976143,Pepper W. Trail,Pepper W. Trail,
https://orcid.org/0000-0002-0501-3471,https://openalex.org/A5049464925,Peter Alexander,Peter Alexander,
https://orcid.org/0000-0002-9811-1176,https://openalex.org/A5050488917,Peter D. Roopnarine,Peter D. Roopnarine,
,https://openalex.org/A5083602791,Peter F. Brussard,Peter F. Brussard,
https://orcid.org/0000-0003-2306-4974,https://openalex.org/A5007119947,Peter Johnson,P. M. Johnson,
https://orcid.org/0000-0001-7989-4032,https://openalex.org/A5050608918,Peter M. Elias,Peter M Elias,
https://orcid.org/0000-0003-4541-8243,https://openalex.org/A5070359985,Peter Morse,Peter Morse,
,https://openalex.org/A5083574479,Peter Schaller,P. Schaller,
,https://openalex.org/A5056032505,Peter U. Rodda,Peter Rodda,
https://orcid.org/0000-0002-3606-663X,https://openalex.org/A5049875491,Peter W. Fritsch,Peter W. Fritsch,
https://orcid.org/0000-0003-2592-1298,https://openalex.org/A5015535285,Petra Sierwald,Petra Sierwald,
https://orcid.org/0000-0002-5077-4982,https://openalex.org/A5049817954,Philip E. Bickler,Philip E. Bickler,Fellow
https://orcid.org/0000-0001-6747-6044,https://openalex.org/A5025512369,Pim Bongaerts,Pim Bongaerts,
,https://openalex.org/A5022676707,R. Kenyon Ross,Richard Ross,
,https://openalex.org/A5082113422,R. M. Macfarlane,R. M. Macfarlane,
,https://openalex.org/A5072481158,R.P. Dempster,Robert P. Dempster,
https://orcid.org/0000-0003-0977-9623,https://openalex.org/A5029375814,Rachel C. Quock,Rachel Quock,
,https://openalex.org/A5002601902,Rachel Hertog,Rachel Hertog,
,https://openalex.org/A5005670980,Rachel M. Liu,Rachel M. Liu,
,https://openalex.org/A5092693378,Racqyl Basas,Racqyl Basas,
,https://openalex.org/A5041325064,Ralph Wichterman,Ralph Wichterman,
,https://openalex.org/A5002924704,Raphael Ritson‐Williams,R. Ritson-Williams,
,https://openalex.org/A5080146411,RAYMOND BANDAR,RAYMOND BANDAR,
https://orcid.org/0000-0002-0123-8833,https://openalex.org/A5090930881,Rayna C. Bell,Rayna C. Bell,
https://orcid.org/0000-0003-3409-8766,https://openalex.org/A5083366921,Rebecca Albright,Rebecca Albright,
https://orcid.org/0000-0003-2249-2643,https://openalex.org/A5082412409,Rebecca F. Johnson,Rebecca Fay Johnson,
,https://openalex.org/A5034051278,Rebekah Kim,Rebekah Kim,
https://orcid.org/0000-0002-1138-7533,https://openalex.org/A5049186367,Ricardo Kriebel,Ricardo Kriebel,
https://orcid.org/0000-0001-9566-5344,https://openalex.org/A5086987380,Ricardo Pacífico,"Pacifico, Ricardo",
https://orcid.org/0000-0003-1533-8488,https://openalex.org/A5029878681,Rich Mooi,Rich Mooi,
https://orcid.org/0000-0002-1466-0232,https://openalex.org/A5063934928,Richard B. King,R. B. King,
,https://openalex.org/A5033857744,Richard C. Banks,Richard C. Banks,
https://orcid.org/0000-0003-4789-1595,https://openalex.org/A5077349190,Richard E. Strauss,Richard E. Strauss,
,https://openalex.org/A5004706820,Richard K. Kiyomoto,Richard K. Kiyomoto,
,https://openalex.org/A5002917293,Richard L. Pallowick,Richard L. Pallowick,
,https://openalex.org/A5079613671,Richard Mooi,Richard Mooi,
,https://openalex.org/A5011744280,Ricka E. Stoelting,Ricka E. Stoelting,
,https://openalex.org/A5080769347,Robert B. Payne,Robert B. Payne,
,https://openalex.org/A5012348468,Robert C. Drewes,Robert C. Drewes,
,https://openalex.org/A5002799279,Robert C. Miller,Robert C. Miller,
https://orcid.org/0000-0002-6889-4659,https://openalex.org/A5020774407,Robert D. Sayers,Robert Sayers,
https://orcid.org/0000-0003-2752-7788,https://openalex.org/A5084928731,Robert Douglas Stone,R. Douglas Stone,
https://orcid.org/0000-0002-1333-9893,https://openalex.org/A5031386126,Robert E. Hueter,Robert E Hueter,
,https://openalex.org/A5064901850,Robert E. Lovich,Robert E. Lovich,Research Associate
https://orcid.org/0000-0003-1347-9041,https://openalex.org/A5090842974,Robert G. Jenkins,Robert Jenkins,
,https://openalex.org/A5022094223,Robert J Bowman,Robert Bowman,
,https://openalex.org/A5025062065,Robert J. Van Syoc,Robert J. Van Syoc,
https://orcid.org/0000-0002-6049-3180,https://openalex.org/A5052647034,Robert L. Brownell,Robert L. Brownell,
,https://openalex.org/A5052199355,Robert L. Usinger,Robert L. Usinger,
,https://openalex.org/A5027683704,Robert L. Zuparko,Robert L. Zuparko,
,https://openalex.org/A5021465377,Robert McSorley,Robert McSorley,
,https://openalex.org/A5018060434,Robert N. Lea,ROBERT N. LEA,Research Associate
,https://openalex.org/A5020125684,Robert Rybczynski,Robert Rybczynski,
,https://openalex.org/A5071187671,Robert S. Ross,R. Ross,
,https://openalex.org/A5020621789,Robert T. Ore,Robert T. Ore,
,https://openalex.org/A5034123312,Robert T. Orr,Robert T. Orr,
,https://openalex.org/A5031665412,Robert V. Dowell,Robert V. Dowell,
,https://openalex.org/A5083898029,Robert Van Syoc,Robert Van Syoc,
,https://openalex.org/A5053223237,Roberta Ayres,Roberta Ayres,
,https://openalex.org/A5068626771,Robin Krebs,Robin Krebs,
,https://openalex.org/A5032046374,Robin Lawson,Robin Lawson,
https://orcid.org/0000-0002-9462-7319,https://openalex.org/A5089274945,Rokiman Letsara,Rokiman Letsara,
,https://openalex.org/A5066670239,Rolf L. Aalbu,R.L. Aalbu,
,https://openalex.org/A5067387280,Ronald Garthwaite,R. L. Garthwaite,
,https://openalex.org/A5003162098,Ronald I. Crombie,Ronald I. Crombie,
https://orcid.org/0000-0003-0086-7424,https://openalex.org/A5066573517,Rosemary G. Gillespie,Rosemary G. Gillespie,
https://orcid.org/0000-0001-5020-6670,https://openalex.org/A5040908596,Roxanne Banker,Roxanne M. W. Banker,
,https://openalex.org/A5018667224,Roxie Esterle,Roxie Esterle,
,https://openalex.org/A5004055493,Roy L. Caldwell,Roy L. Caldwell,
,https://openalex.org/A5027026505,Ruthann Knudson,Ruthann Knudson,
https://orcid.org/0000-0001-9288-7099,https://openalex.org/A5053193490,Ryan E. Hulett,Ryan E. Hulett,
,https://openalex.org/A5078665161,Ryan Schaeffer,Ryan Schaeffer,
,https://openalex.org/A5009486525,Ryan Wyatt,R. Wyatt,
,https://openalex.org/A5051473255,S. Bedard,S. Bedard,
,https://openalex.org/A5055585828,S. Sastry,S. Sastry,
,https://openalex.org/A5030127743,S. W. Anderson,Steven C. Anderson,
,https://openalex.org/A5005125919,S.R. Wynn,S.R. Wynn,
,https://openalex.org/A5059522991,Sam L. VanLandingham,Sam L. Vanlandingham,
,https://openalex.org/A5076842025,Sam Taylor,Sam Taylor,
https://orcid.org/0000-0002-2786-8470,https://openalex.org/A5056389607,Samantha A. Donohoo,Samantha A Donohoo,
https://orcid.org/0000-0002-5422-5120,https://openalex.org/A5029429769,Sándor Csősz,Sándor Csősz,
https://orcid.org/0000-0003-0626-0770,https://openalex.org/A5082392771,Santiago Martín‐Bravo,Santiago Martín-Bravo,
,https://openalex.org/A5043559346,Sarah A. Soule,Sarah Soule,
https://orcid.org/0000-0002-9787-7743,https://openalex.org/A5023294550,Sarah A. Spaulding,S.A. Spaulding,
https://orcid.org/0000-0001-9360-6236,https://openalex.org/A5003997031,Sarah C. Crews,Sarah C. Crews,
https://orcid.org/0000-0002-3125-6266,https://openalex.org/A5071872990,Sarah J. Jacobs,Sarah J Jacobs,
https://orcid.org/0000-0002-5518-7541,https://openalex.org/A5054696030,Sarah Mathews,Sarah Mathews,
,https://openalex.org/A5012607089,Sarane T. Bowen,Sarane T. Bowen,
,https://openalex.org/A5036275419,Scott Burg,Scott Burg,
,https://openalex.org/A5034178639,Scott D. Sampson,Scott Sampson,
,https://openalex.org/A5046819662,Scott R. Loarie,Scott Loarie,
,https://openalex.org/A5021592111,Sean V. Edgerton,Sean V. Edgerton,
https://orcid.org/0000-0003-0811-2309,https://openalex.org/A5004193757,Sebastian Salata,Sebastian Salata,
,https://openalex.org/A5064598728,Serena Chen,Serena Chen,
,https://openalex.org/A5092177620,Shaina G. Villalobos,Shaina G. Villalobos,
,https://openalex.org/A5051029757,Shannon N. Bennett,Shannon N. Bennett,
https://orcid.org/0000-0002-4354-0133,https://openalex.org/A5071846308,Shayle B. Matsuda,Shayle B. Matsuda,
,https://openalex.org/A5003316170,Sheila Stasko-Concannon,Sheila Stasko-Concannon,
,https://openalex.org/A5072354328,Shelby L. Medina,Shelby L. Medina,
,https://openalex.org/A5048900906,Shelley A. Jones,S. A. Jones,
,https://openalex.org/A5087486897,Shireen J. Fahey,Shireen J. Fahey,
https://orcid.org/0000-0001-5667-6876,https://openalex.org/A5054383105,Sonia L. Ghose,Sonia L. Ghose,
,https://openalex.org/A5060121937,Sophie Archambeault,Sophie L. Archambeault,
,https://openalex.org/A5088527540,Stanley Blum,Stanley D Blum,
,https://openalex.org/A5001699930,Stanley C. Williams,Stanley C. Williams,
https://orcid.org/0000-0001-8447-8084,https://openalex.org/A5079223008,Stephen D. Busack,Stephen D. Busack,
,https://openalex.org/A5073061208,Stephen F. Bailey,Stephen F. Bailey,
,https://openalex.org/A5052583691,Stephen P. Samuel,Stephen P. Samuel,
,https://openalex.org/A5041486049,Steven Chen,Steven Chen,
,https://openalex.org/A5077778487,Steven Yong,Steven Yong,
,https://openalex.org/A5078993399,Stewart H. Madin,Stewart H. Madin,
https://orcid.org/0000-0002-2274-1112,https://openalex.org/A5066308798,Stuart C. Willis,Stuart C. Willis,
,https://openalex.org/A5070552143,Stuart G. Poss,Stuart Poss,
,https://openalex.org/A5046865787,Susanne J. Lockhart,Susanne J. Lockhart,
,https://openalex.org/A5024886862,Susanne Lawrenz-Miller,Susanne Lawrenz-Miller,
,https://openalex.org/A5078924514,Suzanne Pierre,Suzanne Pierre,
,https://openalex.org/A5050559884,Sylvia A. Earle,Sylvia A. Earle,
,https://openalex.org/A5012437445,Sylvia Hope,Sylvia Hope,
,https://openalex.org/A5081507005,T. N. Freeman,T. N. Freeman,
https://orcid.org/0000-0001-8954-0641,https://openalex.org/A5022333272,Tamás Szűts,Tamas Szuts,
https://orcid.org/0000-0001-6110-9112,https://openalex.org/A5016326965,Tao Chen,Tao Chen,
,https://openalex.org/A5075258284,Ted Duncan,T.O. Duncan,
,https://openalex.org/A5008220566,Teri Barry,Teri Barry,
https://orcid.org/0000-0002-3950-0243,https://openalex.org/A5018551266,Terrence M. Gosliner,Terrence M. Gosliner,
https://orcid.org/0000-0002-4296-2940,https://openalex.org/A5050384820,Thierra K Nalley,Thierra K. Nalley,
,https://openalex.org/A5039981536,Thomas A. Grigliatti,Thomas A. Grigliatti,
https://orcid.org/0000-0003-3015-2315,https://openalex.org/A5005921854,Thomas F. Daniel,T. F. Daniel,
,https://openalex.org/A5067673964,Thomas J. O’Shea,Thomas J. O'Shea,
,https://openalex.org/A5029593926,Thomas R. Tucker,Thomas Tucker,
,https://openalex.org/A5014721292,Tierney M. Thys,Tierney Thys,Research Associate
,https://openalex.org/A5072079327,Timothy O. Osborne,Timothy O. Osborne,
,https://openalex.org/A5041369965,Tinya Hoang,Tinya Hoang,
https://orcid.org/0000-0002-3138-1665,https://openalex.org/A5044093229,Todd J. Braje,Todd J. Braje,
,https://openalex.org/A5019263132,Tom Carlberg,Tom Carlberg,
,https://openalex.org/A5040768540,Tom M. Spight,Tom M. Spight,
https://orcid.org/0000-0003-4116-1380,https://openalex.org/A5077779232,Tomio Iwamoto,T. Iwamoto,
,https://openalex.org/A5066330869,Tommaso C. Bulfone,Tommaso C. Bulfone,
,https://openalex.org/A5065650059,Tony Iwane,Tony Iwane,
,https://openalex.org/A5014605290,Tyler A. Y. Phelps,Tyler A. Y. Phelps,
,https://openalex.org/A5035984085,Tyson R. Roberts,Tyson R. Roberts,
,https://openalex.org/A5089706453,Valerie C. Clark,Valerie C. Clark,
,https://openalex.org/A5041013035,Valérie Rakotomalala,Valérie Rakotomalala,
https://orcid.org/0000-0002-9682-1190,https://openalex.org/A5026229819,Vance T. Vredenburg,Vance T. Vredenburg,
,https://openalex.org/A5043258898,Vanessa Handley,Vanessa Handley,
https://orcid.org/0000-0001-9415-1384,https://openalex.org/A5002026052,Vanessa L. Knutson,Vanessa L. Knutson,
,https://openalex.org/A5028200317,Veronica J. Sexton,Veronica J. Sexton,
,https://openalex.org/A5023357375,Victor A. Zullo,Victor A. Zullo,
,https://openalex.org/A5002933444,Victor Chow,Victor H.S. Chow,
,https://openalex.org/A5012700613,Vincent F. Lee,Vincent F. Lee,
,https://openalex.org/A5089898118,Viva Voong,Viva Voong,
,https://openalex.org/A5014314921,Vladimír Novák,V. J. A. Novák,
,https://openalex.org/A5090548106,W. Brian Simison,W. Brian Simison,
,https://openalex.org/A5080229623,W. I. Follett,W. I. Follett,
,https://openalex.org/A5035460271,W. J. Hamilton,William J. Hamilton,
,https://openalex.org/A5033321116,W. Morton Grant,William M. Grant,
https://orcid.org/0000-0001-8057-4116,https://openalex.org/A5015816282,W. Scott Armbruster,W. Scott Armbruster,
,https://openalex.org/A5040959125,W. W. Sargeant,W. W. Sargeant,
,https://openalex.org/A5079328029,Wall Jd,Wall Jd,
,https://openalex.org/A5077018757,Wallace J. Nichols,W.J. Nichols,
https://orcid.org/0000-0003-2391-2654,https://openalex.org/A5044909180,Walter S. Judd,Walter S. Judd,
,https://openalex.org/A5008295590,Walter Sheppe,Walter A. Sheppe,
,https://openalex.org/A5069960703,Warren E. Savary,Warren E Savary,
,https://openalex.org/A5073884431,Welton L. Lee,Welton L. Lee,
https://orcid.org/0000-0003-4441-6203,https://openalex.org/A5018539367,Wendy Moore,Wendy Moore,
,https://openalex.org/A5075194348,Wilbert McLeod Chapman,Wilbert McLeod Chapman,
,https://openalex.org/A5036083367,William D. Shepard,William D. Shepard,
,https://openalex.org/A5035609409,William E. Evans,W. E. Evans,
,https://openalex.org/A5008798687,William F. Barr,William F. Barr,
,https://openalex.org/A5088938840,William Franklin Barbat,W.F Barbat,
,https://openalex.org/A5045439737,William J. Haugen Light,William J. H. Light,
,https://openalex.org/A5016946927,William J. Poly,William J. Poly,
,https://openalex.org/A5022432283,William N. Eschmeyer,W. Eschmeyer,
,https://openalex.org/A5052630960,William P. Elder,William P. Elder,
,https://openalex.org/A5000356909,William R. Charlesworth,William R. Charlesworth,
,https://openalex.org/A5049910670,William R. Shepherd,William Shepherd,
,https://openalex.org/A5041452882,Wojciech J Pulawski,Wojciech J. Pulawski,
,https://openalex.org/A5081751074,Woo-Chul Lee,W. L. Lee,
,https://openalex.org/A5024311430,X.-P. Wang,X.-P. Wang,XIN-PING WANG
,https://openalex.org/A5027223091,Yolanda E. Camacho-García,Yolanda Camacho-García,
https://orcid.org/0000-0002-2900-3331,https://openalex.org/A5018870681,Yuangeng Huang,Yuangeng Huang,
https://orcid.org/0000-0002-0210-7261,https://openalex.org/A5045209100,Zachary R Hanna,Zachary R. Hanna,
https://orcid.org/0000-0002-0460-9791,https://openalex.org/A5022618195,Zeresenay Alemseged,Zeresenay Alemseged,
,https://openalex.org/A5087112265,Лев Манович,Lev Manovich,
,https://openalex.org/A5029219751,孝男 荒井,孝男 荒井,